id,product_id,feature_name,feature_value,category,is_true
1,1,Task Management,true,general,True
2,1,Kanban Boards,true,general,True
3,1,Gantt Charts,false,analytics,False
4,1,Time Tracking,false,general,False
5,1,Sprints/Scrum,false,general,False
6,1,Roadmaps,false,general,False
7,1,Automation,true,ai,True
8,1,Reporting/Analytics,false,analytics,False
9,1,Custom Workflows,true,general,True
10,1,API/Integrations,true,integration,True
11,1,Mobile App,true,mobile,True
12,1,Resource Management,false,general,False
13,1,Dependencies,true,general,True
14,1,Goals/OKRs,false,general,False
15,1,Forms,true,general,True
16,1,Guest Access,true,collaboration,True
17,1,File Sharing,true,general,True
18,1,Comments/Mentions,false,collaboration,False
19,1,Templates,true,general,True
20,1,Calendar View,true,general,True
21,2,Task Management,true,general,True
22,2,Kanban Boards,true,general,True
23,2,Gantt Charts,true,analytics,True
24,2,Time Tracking,true,general,True
25,2,Sprints/Scrum,true,general,True
26,2,Roadmaps,false,general,False
27,2,Automation,true,ai,True
28,2,Reporting/Analytics,true,analytics,True
29,2,Custom Workflows,true,general,True
30,2,API/Integrations,true,integration,True
31,2,Mobile App,false,mobile,False
32,2,Resource Management,true,general,True
33,2,Dependencies,true,general,True
34,2,Goals/OKRs,true,general,True
35,2,Forms,true,general,True
36,2,Guest Access,true,collaboration,True
37,2,File Sharing,false,general,False
38,2,Comments/Mentions,true,collaboration,True
39,2,Templates,true,general,True
40,2,Calendar View,true,general,True
41,3,Task Management,true,general,True
42,3,Kanban Boards,true,general,True
43,3,Gantt Charts,true,analytics,True
44,3,Time Tracking,true,general,True
45,3,Sprints/Scrum,false,general,False
46,3,Roadmaps,false,general,False
47,3,Automation,true,ai,True
48,3,Reporting/Analytics,true,analytics,True
49,3,Custom Workflows,true,general,True
50,3,API/Integrations,true,integration,True
51,3,Mobile App,true,mobile,True
52,3,Resource Management,true,general,True
53,3,Dependencies,false,general,False
54,3,Goals/OKRs,true,general,True
55,3,Forms,true,general,True
56,3,Guest Access,true,collaboration,True
57,3,File Sharing,false,general,False
58,3,Comments/Mentions,false,collaboration,False
59,3,Templates,true,general,True
60,3,Calendar View,true,general,True
61,4,Task Management,true,general,True
62,4,Kanban Boards,true,general,True
63,4,Gantt Charts,false,analytics,False
64,4,Time Tracking,true,general,True
65,4,Sprints/Scrum,true,general,True
66,4,Roadmaps,true,general,True
67,4,Automation,true,ai,True
68,4,Reporting/Analytics,true,analytics,True
69,4,Custom Workflows,true,general,True
70,4,API/Integrations,true,integration,True
71,4,Mobile App,false,mobile,False
72,4,Resource Management,true,general,True
73,4,Dependencies,false,general,False
74,4,Goals/OKRs,false,general,False
75,4,Forms,true,general,True
76,4,Guest Access,false,collaboration,False
77,4,File Sharing,true,general,True
78,4,Comments/Mentions,true,collaboration,True
79,4,Templates,true,general,True
80,4,Calendar View,true,general,True
81,5,Task Management,true,general,True
82,5,Kanban Boards,true,general,True
83,5,Gantt Charts,false,analytics,False
84,5,Time Tracking,false,general,False
85,5,Sprints/Scrum,false,general,False
86,5,Roadmaps,false,general,False
87,5,Automation,false,ai,False
88,5,Reporting/Analytics,false,analytics,False
89,5,Custom Workflows,true,general,True
90,5,API/Integrations,true,integration,True
91,5,Mobile App,true,mobile,True
92,5,Resource Management,false,general,False
93,5,Dependencies,false,general,False
94,5,Goals/OKRs,false,general,False
95,5,Forms,false,general,False
96,5,Guest Access,true,collaboration,True
97,5,File Sharing,true,general,True
98,5,Comments/Mentions,true,collaboration,True
99,5,Templates,true,general,True
100,5,Calendar View,true,general,True
101,6,Task Management,true,general,True
102,6,Kanban Boards,true,general,True
103,6,Gantt Charts,false,analytics,False
104,6,Time Tracking,false,general,False
105,6,Sprints/Scrum,true,general,True
106,6,Roadmaps,false,general,False
107,6,Automation,true,ai,True
108,6,Reporting/Analytics,true,analytics,True
109,6,Custom Workflows,true,general,True
110,6,API/Integrations,true,integration,True
111,6,Mobile App,false,mobile,False
112,6,Resource Management,false,general,False
113,6,Dependencies,true,general,True
114,6,Goals/OKRs,true,general,True
115,6,Forms,true,general,True
116,6,Guest Access,false,collaboration,False
117,6,File Sharing,false,general,False
118,6,Comments/Mentions,false,collaboration,False
119,6,Templates,true,general,True
120,6,Calendar View,true,general,True
121,7,Task Management,true,general,True
122,7,Kanban Boards,true,general,True
123,7,Gantt Charts,false,analytics,False
124,7,Time Tracking,false,general,False
125,7,Sprints/Scrum,false,general,False
126,7,Roadmaps,false,general,False
127,7,Automation,false,ai,False
128,7,Reporting/Analytics,true,analytics,True
129,7,Custom Workflows,true,general,True
130,7,API/Integrations,true,integration,True
131,7,Mobile App,false,mobile,False
132,7,Resource Management,false,general,False
133,7,Dependencies,false,general,False
134,7,Goals/OKRs,false,general,False
135,7,Forms,false,general,False
136,7,Guest Access,true,collaboration,True
137,7,File Sharing,true,general,True
138,7,Comments/Mentions,true,collaboration,True
139,7,Templates,false,general,False
140,7,Calendar View,true,general,True
141,8,Task Management,true,general,True
142,8,Kanban Boards,true,general,True
143,8,Gantt Charts,true,analytics,True
144,8,Time Tracking,false,general,False
145,8,Sprints/Scrum,false,general,False
146,8,Roadmaps,false,general,False
147,8,Automation,true,ai,True
148,8,Reporting/Analytics,true,analytics,True
149,8,Custom Workflows,true,general,True
150,8,API/Integrations,true,integration,True
151,8,Mobile App,true,mobile,True
152,8,Resource Management,true,general,True
153,8,Dependencies,true,general,True
154,8,Goals/OKRs,false,general,False
155,8,Forms,true,general,True
156,8,Guest Access,false,collaboration,False
157,8,File Sharing,false,general,False
158,8,Comments/Mentions,false,collaboration,False
159,8,Templates,true,general,True
160,8,Calendar View,true,general,True
161,9,Task Management,true,general,True
162,9,Kanban Boards,false,general,False
163,9,Gantt Charts,false,analytics,False
164,9,Time Tracking,true,general,True
165,9,Sprints/Scrum,false,general,False
166,9,Roadmaps,false,general,False
167,9,Automation,true,ai,True
168,9,Reporting/Analytics,true,analytics,True
169,9,Custom Workflows,true,general,True
170,9,API/Integrations,true,integration,True
171,9,Mobile App,false,mobile,False
172,9,Resource Management,true,general,True
173,9,Dependencies,false,general,False
174,9,Goals/OKRs,false,general,False
175,9,Forms,true,general,True
176,9,Guest Access,false,collaboration,False
177,9,File Sharing,false,general,False
178,9,Comments/Mentions,false,collaboration,False
179,9,Templates,true,general,True
180,9,Calendar View,true,general,True
181,10,Task Management,true,general,True
182,10,Kanban Boards,true,general,True
183,10,Gantt Charts,false,analytics,False
184,10,Time Tracking,false,general,False
185,10,Sprints/Scrum,false,general,False
186,10,Roadmaps,true,general,True
187,10,Automation,true,ai,True
188,10,Reporting/Analytics,true,analytics,True
189,10,Custom Workflows,true,general,True
190,10,API/Integrations,true,integration,True
191,10,Mobile App,true,mobile,True
192,10,Resource Management,false,general,False
193,10,Dependencies,false,general,False
194,10,Goals/OKRs,false,general,False
195,10,Forms,false,general,False
196,10,Guest Access,false,collaboration,False
197,10,File Sharing,false,general,False
198,10,Comments/Mentions,false,collaboration,False
199,10,Templates,false,general,False
200,10,Calendar View,false,general,False
201,11,Task Management,true,general,True
202,11,Kanban Boards,true,general,True
203,11,Gantt Charts,false,analytics,False
204,11,Time Tracking,false,general,False
205,11,Sprints/Scrum,false,general,False
206,11,Roadmaps,false,general,False
207,11,Automation,true,ai,True
208,11,Reporting/Analytics,true,analytics,True
209,11,Custom Workflows,true,general,True
210,11,API/Integrations,true,integration,True
211,11,Mobile App,false,mobile,False
212,11,Resource Management,true,general,True
213,11,Dependencies,false,general,False
214,11,Goals/OKRs,false,general,False
215,11,Forms,false,general,False
216,11,Guest Access,false,collaboration,False
217,11,File Sharing,false,general,False
218,11,Comments/Mentions,false,collaboration,False
219,11,Templates,false,general,False
220,11,Calendar View,false,general,False
221,12,Task Management,true,general,True
222,12,Kanban Boards,true,general,True
223,12,Gantt Charts,true,analytics,True
224,12,Time Tracking,true,general,True
225,12,Sprints/Scrum,false,general,False
226,12,Roadmaps,false,general,False
227,12,Automation,true,ai,True
228,12,Reporting/Analytics,true,analytics,True
229,12,Custom Workflows,true,general,True
230,12,API/Integrations,true,integration,True
231,12,Mobile App,true,mobile,True
232,12,Resource Management,true,general,True
233,12,Dependencies,false,general,False
234,12,Goals/OKRs,true,general,True
235,12,Forms,true,general,True
236,12,Guest Access,true,collaboration,True
237,12,File Sharing,false,general,False
238,12,Comments/Mentions,true,collaboration,True
239,12,Templates,true,general,True
240,12,Calendar View,true,general,True
241,13,Task Management,true,general,True
242,13,Kanban Boards,false,general,False
243,13,Gantt Charts,true,analytics,True
244,13,Time Tracking,true,general,True
245,13,Sprints/Scrum,false,general,False
246,13,Roadmaps,true,general,True
247,13,Automation,true,ai,True
248,13,Reporting/Analytics,true,analytics,True
249,13,Custom Workflows,true,general,True
250,13,API/Integrations,true,integration,True
251,13,Mobile App,true,mobile,True
252,13,Resource Management,true,general,True
253,13,Dependencies,true,general,True
254,13,Goals/OKRs,true,general,True
255,13,Forms,true,general,True
256,13,Guest Access,true,collaboration,True
257,13,File Sharing,true,general,True
258,13,Comments/Mentions,true,collaboration,True
259,13,Templates,true,general,True
260,13,Calendar View,true,general,True
261,14,Task Management,true,general,True
262,14,Kanban Boards,false,general,False
263,14,Gantt Charts,false,analytics,False
264,14,Time Tracking,false,general,False
265,14,Sprints/Scrum,false,general,False
266,14,Roadmaps,true,general,True
267,14,Automation,true,ai,True
268,14,Reporting/Analytics,true,analytics,True
269,14,Custom Workflows,true,general,True
270,14,API/Integrations,true,integration,True
271,14,Mobile App,true,mobile,True
272,14,Resource Management,true,general,True
273,14,Dependencies,false,general,False
274,14,Goals/OKRs,false,general,False
275,14,Forms,false,general,False
276,14,Guest Access,true,collaboration,True
277,14,File Sharing,true,general,True
278,14,Comments/Mentions,true,collaboration,True
279,14,Templates,true,general,True
280,14,Calendar View,true,general,True
281,15,Task Management,true,general,True
282,15,Kanban Boards,true,general,True
283,15,Gantt Charts,false,analytics,False
284,15,Time Tracking,true,general,True
285,15,Sprints/Scrum,false,general,False
286,15,Roadmaps,false,general,False
287,15,Automation,false,ai,False
288,15,Reporting/Analytics,false,analytics,False
289,15,Custom Workflows,false,general,False
290,15,API/Integrations,true,integration,True
291,15,Mobile App,true,mobile,True
292,15,Resource Management,false,general,False
293,15,Dependencies,false,general,False
294,15,Goals/OKRs,false,general,False
295,15,Forms,false,general,False
296,15,Guest Access,false,collaboration,False
297,15,File Sharing,false,general,False
298,15,Comments/Mentions,true,collaboration,True
299,15,Templates,true,general,True
300,15,Calendar View,true,general,True
301,16,Task Management,true,general,True
302,16,Kanban Boards,true,general,True
303,16,Gantt Charts,false,analytics,False
304,16,Time Tracking,false,general,False
305,16,Sprints/Scrum,false,general,False
306,16,Roadmaps,true,general,True
307,16,Automation,false,ai,False
308,16,Reporting/Analytics,true,analytics,True
309,16,Custom Workflows,true,general,True
310,16,API/Integrations,true,integration,True
311,16,Mobile App,true,mobile,True
312,16,Resource Management,false,general,False
313,16,Dependencies,false,general,False
314,16,Goals/OKRs,true,general,True
315,16,Forms,false,general,False
316,16,Guest Access,true,collaboration,True
317,16,File Sharing,true,general,True
318,16,Comments/Mentions,true,collaboration,True
319,16,Templates,true,general,True
320,16,Calendar View,true,general,True
321,17,Task Management,true,general,True
322,17,Kanban Boards,false,general,False
323,17,Gantt Charts,false,analytics,False
324,17,Time Tracking,false,general,False
325,17,Sprints/Scrum,false,general,False
326,17,Roadmaps,true,general,True
327,17,Automation,true,ai,True
328,17,Reporting/Analytics,true,analytics,True
329,17,Custom Workflows,true,general,True
330,17,API/Integrations,true,integration,True
331,17,Mobile App,true,mobile,True
332,17,Resource Management,false,general,False
333,17,Dependencies,false,general,False
334,17,Goals/OKRs,true,general,True
335,17,Forms,true,general,True
336,17,Guest Access,true,collaboration,True
337,17,File Sharing,true,general,True
338,17,Comments/Mentions,true,collaboration,True
339,17,Templates,true,general,True
340,17,Calendar View,true,general,True
341,18,Task Management,true,general,True
342,18,Kanban Boards,true,general,True
343,18,Gantt Charts,false,analytics,False
344,18,Time Tracking,false,general,False
345,18,Sprints/Scrum,true,general,True
346,18,Roadmaps,true,general,True
347,18,Automation,true,ai,True
348,18,Reporting/Analytics,true,analytics,True
349,18,Custom Workflows,false,general,False
350,18,API/Integrations,true,integration,True
351,18,Mobile App,false,mobile,False
352,18,Resource Management,false,general,False
353,18,Dependencies,false,general,False
354,18,Goals/OKRs,true,general,True
355,18,Forms,false,general,False
356,18,Guest Access,false,collaboration,False
357,18,File Sharing,false,general,False
358,18,Comments/Mentions,true,collaboration,True
359,18,Templates,false,general,False
360,18,Calendar View,false,general,False
361,19,Task Management,true,general,True
362,19,Kanban Boards,false,general,False
363,19,Gantt Charts,true,analytics,True
364,19,Time Tracking,true,general,True
365,19,Sprints/Scrum,false,general,False
366,19,Roadmaps,true,general,True
367,19,Automation,true,ai,True
368,19,Reporting/Analytics,true,analytics,True
369,19,Custom Workflows,true,general,True
370,19,API/Integrations,true,integration,True
371,19,Mobile App,false,mobile,False
372,19,Resource Management,false,general,False
373,19,Dependencies,true,general,True
374,19,Goals/OKRs,true,general,True
375,19,Forms,true,general,True
376,19,Guest Access,true,collaboration,True
377,19,File Sharing,true,general,True
378,19,Comments/Mentions,true,collaboration,True
379,19,Templates,false,general,False
380,19,Calendar View,false,general,False
381,20,Task Management,true,general,True
382,20,Kanban Boards,false,general,False
383,20,Gantt Charts,true,analytics,True
384,20,Time Tracking,true,general,True
385,20,Sprints/Scrum,false,general,False
386,20,Roadmaps,false,general,False
387,20,Automation,true,ai,True
388,20,Reporting/Analytics,true,analytics,True
389,20,Custom Workflows,true,general,True
390,20,API/Integrations,true,integration,True
391,20,Mobile App,true,mobile,True
392,20,Resource Management,false,general,False
393,20,Dependencies,true,general,True
394,20,Goals/OKRs,false,general,False
395,20,Forms,false,general,False
396,20,Guest Access,false,collaboration,False
397,20,File Sharing,false,general,False
398,20,Comments/Mentions,false,collaboration,False
399,20,Templates,false,general,False
400,20,Calendar View,true,general,True
401,21,Contact Management,true,general,True
402,21,Deal Pipeline,true,general,True
403,21,Email Integration,true,integration,True
404,21,Automation,true,ai,True
405,21,Reporting/Analytics,true,analytics,True
406,21,Lead Scoring,true,general,True
407,21,API/Integrations,true,integration,True
408,21,Mobile App,true,mobile,True
409,21,Custom Fields,true,general,True
410,21,Workflow Builder,true,general,True
411,21,Email Templates,true,ai,True
412,21,Call Tracking,true,general,True
413,21,Social Media Integration,true,integration,True
414,21,Territory Management,true,general,True
415,21,Forecasting,true,general,True
416,21,Web Forms,true,general,True
417,21,Live Chat,true,general,True
418,21,AI Features,true,ai,True
419,22,Contact Management,true,general,True
420,22,Deal Pipeline,true,general,True
421,22,Email Integration,true,integration,True
422,22,Automation,true,ai,True
423,22,Reporting/Analytics,true,analytics,True
424,22,Lead Scoring,true,general,True
425,22,API/Integrations,true,integration,True
426,22,Mobile App,true,mobile,True
427,22,Custom Fields,true,general,True
428,22,Workflow Builder,true,general,True
429,22,Email Templates,true,ai,True
430,22,Call Tracking,false,general,False
431,22,Social Media Integration,true,integration,True
432,22,Territory Management,true,general,True
433,22,Forecasting,true,general,True
434,22,Web Forms,true,general,True
435,22,Live Chat,true,general,True
436,22,AI Features,true,ai,True
437,23,Contact Management,true,general,True
438,23,Deal Pipeline,true,general,True
439,23,Email Integration,true,integration,True
440,23,Automation,true,ai,True
441,23,Reporting/Analytics,true,analytics,True
442,23,Lead Scoring,false,general,False
443,23,API/Integrations,true,integration,True
444,23,Mobile App,false,mobile,False
445,23,Custom Fields,true,general,True
446,23,Workflow Builder,true,general,True
447,23,Email Templates,true,ai,True
448,23,Call Tracking,false,general,False
449,23,Social Media Integration,false,integration,False
450,23,Territory Management,false,general,False
451,23,Forecasting,false,general,False
452,23,Web Forms,false,general,False
453,23,Live Chat,false,general,False
454,23,AI Features,true,ai,True
455,24,Contact Management,true,general,True
456,24,Deal Pipeline,true,general,True
457,24,Email Integration,true,integration,True
458,24,Automation,true,ai,True
459,24,Reporting/Analytics,true,analytics,True
460,24,Lead Scoring,true,general,True
461,24,API/Integrations,true,integration,True
462,24,Mobile App,true,mobile,True
463,24,Custom Fields,true,general,True
464,24,Workflow Builder,true,general,True
465,24,Email Templates,true,ai,True
466,24,Call Tracking,true,general,True
467,24,Social Media Integration,true,integration,True
468,24,Territory Management,true,general,True
469,24,Forecasting,true,general,True
470,24,Web Forms,true,general,True
471,24,Live Chat,true,general,True
472,24,AI Features,true,ai,True
473,25,Contact Management,true,general,True
474,25,Deal Pipeline,true,general,True
475,25,Email Integration,true,integration,True
476,25,Automation,true,ai,True
477,25,Reporting/Analytics,true,analytics,True
478,25,Lead Scoring,true,general,True
479,25,API/Integrations,true,integration,True
480,25,Mobile App,false,mobile,False
481,25,Custom Fields,true,general,True
482,25,Workflow Builder,true,general,True
483,25,Email Templates,true,ai,True
484,25,Call Tracking,false,general,False
485,25,Social Media Integration,false,integration,False
486,25,Territory Management,false,general,False
487,25,Forecasting,true,general,True
488,25,Web Forms,false,general,False
489,25,Live Chat,false,general,False
490,25,AI Features,true,ai,True
491,26,Contact Management,true,general,True
492,26,Deal Pipeline,true,general,True
493,26,Email Integration,true,integration,True
494,26,Automation,true,ai,True
495,26,Reporting/Analytics,true,analytics,True
496,26,Lead Scoring,false,general,False
497,26,API/Integrations,true,integration,True
498,26,Mobile App,false,mobile,False
499,26,Custom Fields,false,general,False
500,26,Workflow Builder,true,general,True
501,26,Email Templates,true,ai,True
502,26,Call Tracking,true,general,True
503,26,Social Media Integration,false,integration,False
504,26,Territory Management,false,general,False
505,26,Forecasting,false,general,False
506,26,Web Forms,false,general,False
507,26,Live Chat,false,general,False
508,26,AI Features,true,ai,True
509,27,Contact Management,true,general,True
510,27,Deal Pipeline,true,general,True
511,27,Email Integration,true,integration,True
512,27,Automation,true,ai,True
513,27,Reporting/Analytics,true,analytics,True
514,27,Lead Scoring,false,general,False
515,27,API/Integrations,true,integration,True
516,27,Mobile App,true,mobile,True
517,27,Custom Fields,false,general,False
518,27,Workflow Builder,true,general,True
519,27,Email Templates,true,ai,True
520,27,Call Tracking,false,general,False
521,27,Social Media Integration,false,integration,False
522,27,Territory Management,false,general,False
523,27,Forecasting,false,general,False
524,27,Web Forms,false,general,False
525,27,Live Chat,false,general,False
526,27,AI Features,false,ai,False
527,28,Contact Management,true,general,True
528,28,Deal Pipeline,true,general,True
529,28,Email Integration,true,integration,True
530,28,Automation,true,ai,True
531,28,Reporting/Analytics,true,analytics,True
532,28,Lead Scoring,true,general,True
533,28,API/Integrations,true,integration,True
534,28,Mobile App,true,mobile,True
535,28,Custom Fields,true,general,True
536,28,Workflow Builder,true,general,True
537,28,Email Templates,true,ai,True
538,28,Call Tracking,false,general,False
539,28,Social Media Integration,false,integration,False
540,28,Territory Management,false,general,False
541,28,Forecasting,false,general,False
542,28,Web Forms,false,general,False
543,28,Live Chat,false,general,False
544,28,AI Features,false,ai,False
545,29,Contact Management,true,general,True
546,29,Deal Pipeline,true,general,True
547,29,Email Integration,true,integration,True
548,29,Automation,true,ai,True
549,29,Reporting/Analytics,true,analytics,True
550,29,Lead Scoring,false,general,False
551,29,API/Integrations,true,integration,True
552,29,Mobile App,true,mobile,True
553,29,Custom Fields,true,general,True
554,29,Workflow Builder,true,general,True
555,29,Email Templates,true,ai,True
556,29,Call Tracking,true,general,True
557,29,Social Media Integration,false,integration,False
558,29,Territory Management,false,general,False
559,29,Forecasting,false,general,False
560,29,Web Forms,true,general,True
561,29,Live Chat,false,general,False
562,29,AI Features,true,ai,True
563,30,Contact Management,true,general,True
564,30,Deal Pipeline,true,general,True
565,30,Email Integration,true,integration,True
566,30,Automation,true,ai,True
567,30,Reporting/Analytics,true,analytics,True
568,30,Lead Scoring,false,general,False
569,30,API/Integrations,true,integration,True
570,30,Mobile App,false,mobile,False
571,30,Custom Fields,true,general,True
572,30,Workflow Builder,true,general,True
573,30,Email Templates,true,ai,True
574,30,Call Tracking,true,general,True
575,30,Social Media Integration,true,integration,True
576,30,Territory Management,false,general,False
577,30,Forecasting,false,general,False
578,30,Web Forms,false,general,False
579,30,Live Chat,false,general,False
580,30,AI Features,true,ai,True
581,31,Contact Management,true,general,True
582,31,Deal Pipeline,true,general,True
583,31,Email Integration,true,integration,True
584,31,Automation,true,ai,True
585,31,Reporting/Analytics,true,analytics,True
586,31,Lead Scoring,false,general,False
587,31,API/Integrations,true,integration,True
588,31,Mobile App,false,mobile,False
589,31,Custom Fields,true,general,True
590,31,Workflow Builder,true,general,True
591,31,Email Templates,true,ai,True
592,31,Call Tracking,false,general,False
593,31,Social Media Integration,false,integration,False
594,31,Territory Management,false,general,False
595,31,Forecasting,false,general,False
596,31,Web Forms,true,general,True
597,31,Live Chat,false,general,False
598,31,AI Features,true,ai,True
599,32,Contact Management,true,general,True
600,32,Deal Pipeline,true,general,True
601,32,Email Integration,true,integration,True
602,32,Automation,false,ai,False
603,32,Reporting/Analytics,false,analytics,False
604,32,Lead Scoring,false,general,False
605,32,API/Integrations,true,integration,True
606,32,Mobile App,true,mobile,True
607,32,Custom Fields,true,general,True
608,32,Workflow Builder,false,general,False
609,32,Email Templates,false,ai,False
610,32,Call Tracking,false,general,False
611,32,Social Media Integration,false,integration,False
612,32,Territory Management,false,general,False
613,32,Forecasting,false,general,False
614,32,Web Forms,true,general,True
615,32,Live Chat,false,general,False
616,32,AI Features,false,ai,False
617,33,Contact Management,true,general,True
618,33,Deal Pipeline,true,general,True
619,33,Email Integration,true,integration,True
620,33,Automation,true,ai,True
621,33,Reporting/Analytics,true,analytics,True
622,33,Lead Scoring,false,general,False
623,33,API/Integrations,true,integration,True
624,33,Mobile App,false,mobile,False
625,33,Custom Fields,true,general,True
626,33,Workflow Builder,true,general,True
627,33,Email Templates,true,ai,True
628,33,Call Tracking,false,general,False
629,33,Social Media Integration,false,integration,False
630,33,Territory Management,false,general,False
631,33,Forecasting,false,general,False
632,33,Web Forms,false,general,False
633,33,Live Chat,false,general,False
634,33,AI Features,true,ai,True
635,34,Contact Management,true,general,True
636,34,Deal Pipeline,true,general,True
637,34,Email Integration,true,integration,True
638,34,Automation,true,ai,True
639,34,Reporting/Analytics,true,analytics,True
640,34,Lead Scoring,false,general,False
641,34,API/Integrations,true,integration,True
642,34,Mobile App,true,mobile,True
643,34,Custom Fields,true,general,True
644,34,Workflow Builder,false,general,False
645,34,Email Templates,true,ai,True
646,34,Call Tracking,false,general,False
647,34,Social Media Integration,true,integration,True
648,34,Territory Management,false,general,False
649,34,Forecasting,false,general,False
650,34,Web Forms,false,general,False
651,34,Live Chat,false,general,False
652,34,AI Features,true,ai,True
653,35,Contact Management,true,general,True
654,35,Deal Pipeline,true,general,True
655,35,Email Integration,true,integration,True
656,35,Automation,true,ai,True
657,35,Reporting/Analytics,true,analytics,True
658,35,Lead Scoring,false,general,False
659,35,API/Integrations,true,integration,True
660,35,Mobile App,false,mobile,False
661,35,Custom Fields,true,general,True
662,35,Workflow Builder,true,general,True
663,35,Email Templates,true,ai,True
664,35,Call Tracking,false,general,False
665,35,Social Media Integration,true,integration,True
666,35,Territory Management,false,general,False
667,35,Forecasting,true,general,True
668,35,Web Forms,false,general,False
669,35,Live Chat,false,general,False
670,35,AI Features,true,ai,True
671,36,Contact Management,true,general,True
672,36,Deal Pipeline,true,general,True
673,36,Email Integration,true,integration,True
674,36,Automation,true,ai,True
675,36,Reporting/Analytics,true,analytics,True
676,36,Lead Scoring,false,general,False
677,36,API/Integrations,true,integration,True
678,36,Mobile App,false,mobile,False
679,36,Custom Fields,true,general,True
680,36,Workflow Builder,true,general,True
681,36,Email Templates,true,ai,True
682,36,Call Tracking,true,general,True
683,36,Social Media Integration,false,integration,False
684,36,Territory Management,false,general,False
685,36,Forecasting,false,general,False
686,36,Web Forms,false,general,False
687,36,Live Chat,false,general,False
688,36,AI Features,true,ai,True
689,37,Email Builder (Drag & Drop),true,ai,True
690,37,Automation Sequences,true,ai,True
691,37,Segmentation,true,general,True
692,37,A/B Testing,true,general,True
693,37,Landing Pages,true,general,True
694,37,Analytics/Reporting,true,analytics,True
695,37,API/Integrations,true,integration,True
696,37,Templates,true,general,True
697,37,SMS Marketing,true,general,True
698,37,Signup Forms,true,general,True
699,37,Personalization,true,general,True
700,37,RSS-to-Email,false,ai,False
701,37,Transactional Email,true,ai,True
702,37,Free Plan,true,general,True
703,37,Deliverability Tools,true,general,True
704,37,CRM Integration,false,integration,False
705,37,E-commerce Integration,true,integration,True
706,37,Dynamic Content,true,general,True
707,38,Email Builder (Drag & Drop),true,ai,True
708,38,Automation Sequences,true,ai,True
709,38,Segmentation,true,general,True
710,38,A/B Testing,false,general,False
711,38,Landing Pages,true,general,True
712,38,Analytics/Reporting,true,analytics,True
713,38,API/Integrations,true,integration,True
714,38,Templates,true,general,True
715,38,SMS Marketing,false,general,False
716,38,Signup Forms,true,general,True
717,38,Personalization,true,general,True
718,38,RSS-to-Email,false,ai,False
719,38,Transactional Email,true,ai,True
720,38,Free Plan,true,general,True
721,38,Deliverability Tools,true,general,True
722,38,CRM Integration,false,integration,False
723,38,E-commerce Integration,true,integration,True
724,38,Dynamic Content,true,general,True
725,39,Email Builder (Drag & Drop),true,ai,True
726,39,Automation Sequences,true,ai,True
727,39,Segmentation,true,general,True
728,39,A/B Testing,true,general,True
729,39,Landing Pages,true,general,True
730,39,Analytics/Reporting,true,analytics,True
731,39,API/Integrations,true,integration,True
732,39,Templates,true,general,True
733,39,SMS Marketing,true,general,True
734,39,Signup Forms,true,general,True
735,39,Personalization,true,general,True
736,39,RSS-to-Email,false,ai,False
737,39,Transactional Email,true,ai,True
738,39,Free Plan,true,general,True
739,39,Deliverability Tools,true,general,True
740,39,CRM Integration,true,integration,True
741,39,E-commerce Integration,true,integration,True
742,39,Dynamic Content,true,general,True
743,40,Email Builder (Drag & Drop),true,ai,True
744,40,Automation Sequences,true,ai,True
745,40,Segmentation,true,general,True
746,40,A/B Testing,true,general,True
747,40,Landing Pages,true,general,True
748,40,Analytics/Reporting,true,analytics,True
749,40,API/Integrations,true,integration,True
750,40,Templates,true,general,True
751,40,SMS Marketing,true,general,True
752,40,Signup Forms,true,general,True
753,40,Personalization,true,general,True
754,40,RSS-to-Email,false,ai,False
755,40,Transactional Email,true,ai,True
756,40,Free Plan,true,general,True
757,40,Deliverability Tools,true,general,True
758,40,CRM Integration,true,integration,True
759,40,E-commerce Integration,true,integration,True
760,40,Dynamic Content,true,general,True
761,41,Email Builder (Drag & Drop),true,ai,True
762,41,Automation Sequences,true,ai,True
763,41,Segmentation,true,general,True
764,41,A/B Testing,false,general,False
765,41,Landing Pages,false,general,False
766,41,Analytics/Reporting,true,analytics,True
767,41,API/Integrations,true,integration,True
768,41,Templates,true,general,True
769,41,SMS Marketing,true,general,True
770,41,Signup Forms,true,general,True
771,41,Personalization,true,general,True
772,41,RSS-to-Email,false,ai,False
773,41,Transactional Email,true,ai,True
774,41,Free Plan,true,general,True
775,41,Deliverability Tools,false,general,False
776,41,CRM Integration,true,integration,True
777,41,E-commerce Integration,true,integration,True
778,41,Dynamic Content,true,general,True
779,42,Email Builder (Drag & Drop),true,ai,True
780,42,Automation Sequences,true,ai,True
781,42,Segmentation,true,general,True
782,42,A/B Testing,false,general,False
783,42,Landing Pages,false,general,False
784,42,Analytics/Reporting,true,analytics,True
785,42,API/Integrations,true,integration,True
786,42,Templates,true,general,True
787,42,SMS Marketing,false,general,False
788,42,Signup Forms,true,general,True
789,42,Personalization,true,general,True
790,42,RSS-to-Email,false,ai,False
791,42,Transactional Email,true,ai,True
792,42,Free Plan,true,general,True
793,42,Deliverability Tools,false,general,False
794,42,CRM Integration,false,integration,False
795,42,E-commerce Integration,true,integration,True
796,42,Dynamic Content,true,general,True
797,43,Email Builder (Drag & Drop),true,ai,True
798,43,Automation Sequences,true,ai,True
799,43,Segmentation,true,general,True
800,43,A/B Testing,false,general,False
801,43,Landing Pages,true,general,True
802,43,Analytics/Reporting,true,analytics,True
803,43,API/Integrations,true,integration,True
804,43,Templates,true,general,True
805,43,SMS Marketing,false,general,False
806,43,Signup Forms,true,general,True
807,43,Personalization,false,general,False
808,43,RSS-to-Email,false,ai,False
809,43,Transactional Email,true,ai,True
810,43,Free Plan,true,general,True
811,43,Deliverability Tools,true,general,True
812,43,CRM Integration,false,integration,False
813,43,E-commerce Integration,true,integration,True
814,43,Dynamic Content,false,general,False
815,44,Email Builder (Drag & Drop),true,ai,True
816,44,Automation Sequences,true,ai,True
817,44,Segmentation,true,general,True
818,44,A/B Testing,true,general,True
819,44,Landing Pages,true,general,True
820,44,Analytics/Reporting,true,analytics,True
821,44,API/Integrations,true,integration,True
822,44,Templates,true,general,True
823,44,SMS Marketing,true,general,True
824,44,Signup Forms,true,general,True
825,44,Personalization,true,general,True
826,44,RSS-to-Email,false,ai,False
827,44,Transactional Email,true,ai,True
828,44,Free Plan,true,general,True
829,44,Deliverability Tools,true,general,True
830,44,CRM Integration,false,integration,False
831,44,E-commerce Integration,true,integration,True
832,44,Dynamic Content,true,general,True
833,45,Email Builder (Drag & Drop),true,ai,True
834,45,Automation Sequences,true,ai,True
835,45,Segmentation,true,general,True
836,45,A/B Testing,true,general,True
837,45,Landing Pages,true,general,True
838,45,Analytics/Reporting,true,analytics,True
839,45,API/Integrations,true,integration,True
840,45,Templates,true,general,True
841,45,SMS Marketing,false,general,False
842,45,Signup Forms,true,general,True
843,45,Personalization,true,general,True
844,45,RSS-to-Email,false,ai,False
845,45,Transactional Email,true,ai,True
846,45,Free Plan,true,general,True
847,45,Deliverability Tools,true,general,True
848,45,CRM Integration,false,integration,False
849,45,E-commerce Integration,true,integration,True
850,45,Dynamic Content,true,general,True
851,46,Email Builder (Drag & Drop),true,ai,True
852,46,Automation Sequences,true,ai,True
853,46,Segmentation,false,general,False
854,46,A/B Testing,false,general,False
855,46,Landing Pages,true,general,True
856,46,Analytics/Reporting,true,analytics,True
857,46,API/Integrations,true,integration,True
858,46,Templates,true,general,True
859,46,SMS Marketing,false,general,False
860,46,Signup Forms,true,general,True
861,46,Personalization,true,general,True
862,46,RSS-to-Email,false,ai,False
863,46,Transactional Email,true,ai,True
864,46,Free Plan,true,general,True
865,46,Deliverability Tools,true,general,True
866,46,CRM Integration,false,integration,False
867,46,E-commerce Integration,true,integration,True
868,46,Dynamic Content,true,general,True
869,47,Email Builder (Drag & Drop),true,ai,True
870,47,Automation Sequences,true,ai,True
871,47,Segmentation,true,general,True
872,47,A/B Testing,true,general,True
873,47,Landing Pages,false,general,False
874,47,Analytics/Reporting,true,analytics,True
875,47,API/Integrations,true,integration,True
876,47,Templates,true,general,True
877,47,SMS Marketing,false,general,False
878,47,Signup Forms,true,general,True
879,47,Personalization,true,general,True
880,47,RSS-to-Email,false,ai,False
881,47,Transactional Email,true,ai,True
882,47,Free Plan,true,general,True
883,47,Deliverability Tools,false,general,False
884,47,CRM Integration,false,integration,False
885,47,E-commerce Integration,false,integration,False
886,47,Dynamic Content,true,general,True
887,48,Email Builder (Drag & Drop),true,ai,True
888,48,Automation Sequences,true,ai,True
889,48,Segmentation,true,general,True
890,48,A/B Testing,false,general,False
891,48,Landing Pages,false,general,False
892,48,Analytics/Reporting,true,analytics,True
893,48,API/Integrations,true,integration,True
894,48,Templates,true,general,True
895,48,SMS Marketing,true,general,True
896,48,Signup Forms,true,general,True
897,48,Personalization,true,general,True
898,48,RSS-to-Email,false,ai,False
899,48,Transactional Email,true,ai,True
900,48,Free Plan,true,general,True
901,48,Deliverability Tools,true,general,True
902,48,CRM Integration,false,integration,False
903,48,E-commerce Integration,true,integration,True
904,48,Dynamic Content,true,general,True
905,49,Email Builder (Drag & Drop),true,ai,True
906,49,Automation Sequences,true,ai,True
907,49,Segmentation,true,general,True
908,49,A/B Testing,true,general,True
909,49,Landing Pages,true,general,True
910,49,Analytics/Reporting,true,analytics,True
911,49,API/Integrations,true,integration,True
912,49,Templates,true,general,True
913,49,SMS Marketing,false,general,False
914,49,Signup Forms,true,general,True
915,49,Personalization,true,general,True
916,49,RSS-to-Email,false,ai,False
917,49,Transactional Email,true,ai,True
918,49,Free Plan,true,general,True
919,49,Deliverability Tools,true,general,True
920,49,CRM Integration,false,integration,False
921,49,E-commerce Integration,true,integration,True
922,49,Dynamic Content,true,general,True
923,50,Email Builder (Drag & Drop),true,ai,True
924,50,Automation Sequences,true,ai,True
925,50,Segmentation,true,general,True
926,50,A/B Testing,true,general,True
927,50,Landing Pages,false,general,False
928,50,Analytics/Reporting,true,analytics,True
929,50,API/Integrations,true,integration,True
930,50,Templates,true,general,True
931,50,SMS Marketing,true,general,True
932,50,Signup Forms,true,general,True
933,50,Personalization,true,general,True
934,50,RSS-to-Email,false,ai,False
935,50,Transactional Email,true,ai,True
936,50,Free Plan,true,general,True
937,50,Deliverability Tools,true,general,True
938,50,CRM Integration,false,integration,False
939,50,E-commerce Integration,true,integration,True
940,50,Dynamic Content,true,general,True
941,51,Email Builder (Drag & Drop),true,ai,True
942,51,Automation Sequences,true,ai,True
943,51,Segmentation,true,general,True
944,51,A/B Testing,true,general,True
945,51,Landing Pages,true,general,True
946,51,Analytics/Reporting,true,analytics,True
947,51,API/Integrations,true,integration,True
948,51,Templates,true,general,True
949,51,SMS Marketing,true,general,True
950,51,Signup Forms,true,general,True
951,51,Personalization,true,general,True
952,51,RSS-to-Email,false,ai,False
953,51,Transactional Email,true,ai,True
954,51,Free Plan,true,general,True
955,51,Deliverability Tools,true,general,True
956,51,CRM Integration,false,integration,False
957,51,E-commerce Integration,true,integration,True
958,51,Dynamic Content,true,general,True
959,52,Email Builder (Drag & Drop),true,ai,True
960,52,Automation Sequences,true,ai,True
961,52,Segmentation,true,general,True
962,52,A/B Testing,false,general,False
963,52,Landing Pages,true,general,True
964,52,Analytics/Reporting,true,analytics,True
965,52,API/Integrations,false,integration,False
966,52,Templates,true,general,True
967,52,SMS Marketing,false,general,False
968,52,Signup Forms,true,general,True
969,52,Personalization,true,general,True
970,52,RSS-to-Email,false,ai,False
971,52,Transactional Email,true,ai,True
972,52,Free Plan,true,general,True
973,52,Deliverability Tools,false,general,False
974,52,CRM Integration,false,integration,False
975,52,E-commerce Integration,false,integration,False
976,52,Dynamic Content,false,general,False
977,53,Email Builder (Drag & Drop),true,ai,True
978,53,Automation Sequences,true,ai,True
979,53,Segmentation,false,general,False
980,53,A/B Testing,false,general,False
981,53,Landing Pages,false,general,False
982,53,Analytics/Reporting,true,analytics,True
983,53,API/Integrations,true,integration,True
984,53,Templates,false,general,False
985,53,SMS Marketing,false,general,False
986,53,Signup Forms,false,general,False
987,53,Personalization,false,general,False
988,53,RSS-to-Email,true,ai,True
989,53,Transactional Email,false,ai,False
990,53,Free Plan,true,general,True
991,53,Deliverability Tools,false,general,False
992,53,CRM Integration,false,integration,False
993,53,E-commerce Integration,false,integration,False
994,53,Dynamic Content,false,general,False
995,54,Email Builder (Drag & Drop),true,ai,True
996,54,Automation Sequences,true,ai,True
997,54,Segmentation,true,general,True
998,54,A/B Testing,true,general,True
999,54,Landing Pages,false,general,False
1000,54,Analytics/Reporting,true,analytics,True
1001,54,API/Integrations,true,integration,True
1002,54,Templates,true,general,True
1003,54,SMS Marketing,false,general,False
1004,54,Signup Forms,true,general,True
1005,54,Personalization,true,general,True
1006,54,RSS-to-Email,false,ai,False
1007,54,Transactional Email,true,ai,True
1008,54,Free Plan,true,general,True
1009,54,Deliverability Tools,false,general,False
1010,54,CRM Integration,false,integration,False
1011,54,E-commerce Integration,false,integration,False
1012,54,Dynamic Content,true,general,True
1013,55,Drag & Drop Editor,true,general,True
1014,55,Custom Domains,true,ai,True
1015,55,SSL Certificate,true,general,True
1016,55,SEO Tools,true,general,True
1017,55,Blog,true,general,True
1018,55,E-commerce,true,general,True
1019,55,App/Plugin Store,true,mobile,True
1020,55,Custom Code,false,general,False
1021,55,Mobile Responsive,true,mobile,True
1022,55,Analytics,true,analytics,True
1023,55,Forms,true,general,True
1024,55,Membership/Login,true,collaboration,True
1025,55,API Access,true,integration,True
1026,55,Email Marketing,true,ai,True
1027,55,Templates,true,general,True
1028,55,CDN,true,general,True
1029,55,Multilingual,true,general,True
1030,55,Version History,false,general,False
1031,56,Drag & Drop Editor,true,general,True
1032,56,Custom Domains,true,ai,True
1033,56,SSL Certificate,true,general,True
1034,56,SEO Tools,true,general,True
1035,56,Blog,true,general,True
1036,56,E-commerce,true,general,True
1037,56,App/Plugin Store,false,mobile,False
1038,56,Custom Code,false,general,False
1039,56,Mobile Responsive,true,mobile,True
1040,56,Analytics,true,analytics,True
1041,56,Forms,true,general,True
1042,56,Membership/Login,true,collaboration,True
1043,56,API Access,true,integration,True
1044,56,Email Marketing,true,ai,True
1045,56,Templates,true,general,True
1046,56,CDN,true,general,True
1047,56,Multilingual,true,general,True
1048,56,Version History,false,general,False
1049,57,Drag & Drop Editor,true,general,True
1050,57,Custom Domains,true,ai,True
1051,57,SSL Certificate,true,general,True
1052,57,SEO Tools,true,general,True
1053,57,Blog,true,general,True
1054,57,E-commerce,true,general,True
1055,57,App/Plugin Store,false,mobile,False
1056,57,Custom Code,false,general,False
1057,57,Mobile Responsive,true,mobile,True
1058,57,Analytics,true,analytics,True
1059,57,Forms,true,general,True
1060,57,Membership/Login,true,collaboration,True
1061,57,API Access,true,integration,True
1062,57,Email Marketing,true,ai,True
1063,57,Templates,true,general,True
1064,57,CDN,true,general,True
1065,57,Multilingual,true,general,True
1066,57,Version History,false,general,False
1067,58,Drag & Drop Editor,true,general,True
1068,58,Custom Domains,true,ai,True
1069,58,SSL Certificate,true,general,True
1070,58,SEO Tools,true,general,True
1071,58,Blog,true,general,True
1072,58,E-commerce,false,general,False
1073,58,App/Plugin Store,true,mobile,True
1074,58,Custom Code,true,general,True
1075,58,Mobile Responsive,true,mobile,True
1076,58,Analytics,true,analytics,True
1077,58,Forms,true,general,True
1078,58,Membership/Login,true,collaboration,True
1079,58,API Access,true,integration,True
1080,58,Email Marketing,false,ai,False
1081,58,Templates,true,general,True
1082,58,CDN,true,general,True
1083,58,Multilingual,true,general,True
1084,58,Version History,true,general,True
1085,59,Drag & Drop Editor,true,general,True
1086,59,Custom Domains,true,ai,True
1087,59,SSL Certificate,false,general,False
1088,59,SEO Tools,true,general,True
1089,59,Blog,false,general,False
1090,59,E-commerce,false,general,False
1091,59,App/Plugin Store,false,mobile,False
1092,59,Custom Code,false,general,False
1093,59,Mobile Responsive,true,mobile,True
1094,59,Analytics,false,analytics,False
1095,59,Forms,false,general,False
1096,59,Membership/Login,false,collaboration,False
1097,59,API Access,true,integration,True
1098,59,Email Marketing,false,ai,False
1099,59,Templates,false,general,False
1100,59,CDN,true,general,True
1101,59,Multilingual,false,general,False
1102,59,Version History,false,general,False
1103,60,Drag & Drop Editor,false,general,False
1104,60,Custom Domains,true,ai,True
1105,60,SSL Certificate,true,general,True
1106,60,SEO Tools,false,general,False
1107,60,Blog,false,general,False
1108,60,E-commerce,false,general,False
1109,60,App/Plugin Store,false,mobile,False
1110,60,Custom Code,true,general,True
1111,60,Mobile Responsive,true,mobile,True
1112,60,Analytics,true,analytics,True
1113,60,Forms,true,general,True
1114,60,Membership/Login,true,collaboration,True
1115,60,API Access,false,integration,False
1116,60,Email Marketing,false,ai,False
1117,60,Templates,true,general,True
1118,60,CDN,false,general,False
1119,60,Multilingual,false,general,False
1120,60,Version History,false,general,False
1121,61,Drag & Drop Editor,true,general,True
1122,61,Custom Domains,true,ai,True
1123,61,SSL Certificate,true,general,True
1124,61,SEO Tools,false,general,False
1125,61,Blog,true,general,True
1126,61,E-commerce,false,general,False
1127,61,App/Plugin Store,true,mobile,True
1128,61,Custom Code,true,general,True
1129,61,Mobile Responsive,true,mobile,True
1130,61,Analytics,true,analytics,True
1131,61,Forms,true,general,True
1132,61,Membership/Login,true,collaboration,True
1133,61,API Access,true,integration,True
1134,61,Email Marketing,true,ai,True
1135,61,Templates,true,general,True
1136,61,CDN,true,general,True
1137,61,Multilingual,false,general,False
1138,61,Version History,false,general,False
1139,62,Drag & Drop Editor,false,general,False
1140,62,Custom Domains,true,ai,True
1141,62,SSL Certificate,true,general,True
1142,62,SEO Tools,true,general,True
1143,62,Blog,false,general,False
1144,62,E-commerce,true,general,True
1145,62,App/Plugin Store,true,mobile,True
1146,62,Custom Code,true,general,True
1147,62,Mobile Responsive,true,mobile,True
1148,62,Analytics,true,analytics,True
1149,62,Forms,true,general,True
1150,62,Membership/Login,true,collaboration,True
1151,62,API Access,true,integration,True
1152,62,Email Marketing,true,ai,True
1153,62,Templates,true,general,True
1154,62,CDN,true,general,True
1155,62,Multilingual,true,general,True
1156,62,Version History,false,general,False
1157,63,Drag & Drop Editor,true,general,True
1158,63,Custom Domains,true,ai,True
1159,63,SSL Certificate,true,general,True
1160,63,SEO Tools,true,general,True
1161,63,Blog,true,general,True
1162,63,E-commerce,true,general,True
1163,63,App/Plugin Store,true,mobile,True
1164,63,Custom Code,false,general,False
1165,63,Mobile Responsive,true,mobile,True
1166,63,Analytics,true,analytics,True
1167,63,Forms,true,general,True
1168,63,Membership/Login,false,collaboration,False
1169,63,API Access,false,integration,False
1170,63,Email Marketing,false,ai,False
1171,63,Templates,true,general,True
1172,63,CDN,true,general,True
1173,63,Multilingual,false,general,False
1174,63,Version History,false,general,False
1175,64,Drag & Drop Editor,true,general,True
1176,64,Custom Domains,true,ai,True
1177,64,SSL Certificate,true,general,True
1178,64,SEO Tools,true,general,True
1179,64,Blog,true,general,True
1180,64,E-commerce,true,general,True
1181,64,App/Plugin Store,true,mobile,True
1182,64,Custom Code,false,general,False
1183,64,Mobile Responsive,true,mobile,True
1184,64,Analytics,true,analytics,True
1185,64,Forms,true,general,True
1186,64,Membership/Login,true,collaboration,True
1187,64,API Access,true,integration,True
1188,64,Email Marketing,false,ai,False
1189,64,Templates,true,general,True
1190,64,CDN,true,general,True
1191,64,Multilingual,true,general,True
1192,64,Version History,false,general,False
1193,65,Drag & Drop Editor,true,general,True
1194,65,Custom Domains,true,ai,True
1195,65,SSL Certificate,true,general,True
1196,65,SEO Tools,true,general,True
1197,65,Blog,true,general,True
1198,65,E-commerce,true,general,True
1199,65,App/Plugin Store,false,mobile,False
1200,65,Custom Code,false,general,False
1201,65,Mobile Responsive,true,mobile,True
1202,65,Analytics,false,analytics,False
1203,65,Forms,false,general,False
1204,65,Membership/Login,true,collaboration,True
1205,65,API Access,false,integration,False
1206,65,Email Marketing,false,ai,False
1207,65,Templates,true,general,True
1208,65,CDN,true,general,True
1209,65,Multilingual,true,general,True
1210,65,Version History,true,general,True
1211,66,Drag & Drop Editor,true,general,True
1212,66,Custom Domains,true,ai,True
1213,66,SSL Certificate,true,general,True
1214,66,SEO Tools,false,general,False
1215,66,Blog,false,general,False
1216,66,E-commerce,true,general,True
1217,66,App/Plugin Store,false,mobile,False
1218,66,Custom Code,true,general,True
1219,66,Mobile Responsive,true,mobile,True
1220,66,Analytics,false,analytics,False
1221,66,Forms,true,general,True
1222,66,Membership/Login,true,collaboration,True
1223,66,API Access,false,integration,False
1224,66,Email Marketing,false,ai,False
1225,66,Templates,true,general,True
1226,66,CDN,true,general,True
1227,66,Multilingual,true,general,True
1228,66,Version History,true,general,True
1229,67,Drag & Drop Editor,true,general,True
1230,67,Custom Domains,true,ai,True
1231,67,SSL Certificate,true,general,True
1232,67,SEO Tools,true,general,True
1233,67,Blog,false,general,False
1234,67,E-commerce,true,general,True
1235,67,App/Plugin Store,false,mobile,False
1236,67,Custom Code,false,general,False
1237,67,Mobile Responsive,true,mobile,True
1238,67,Analytics,false,analytics,False
1239,67,Forms,false,general,False
1240,67,Membership/Login,false,collaboration,False
1241,67,API Access,true,integration,True
1242,67,Email Marketing,false,ai,False
1243,67,Templates,true,general,True
1244,67,CDN,true,general,True
1245,67,Multilingual,false,general,False
1246,67,Version History,false,general,False
1247,68,Drag & Drop Editor,false,general,False
1248,68,Custom Domains,true,ai,True
1249,68,SSL Certificate,true,general,True
1250,68,SEO Tools,true,general,True
1251,68,Blog,true,general,True
1252,68,E-commerce,false,general,False
1253,68,App/Plugin Store,false,mobile,False
1254,68,Custom Code,true,general,True
1255,68,Mobile Responsive,true,mobile,True
1256,68,Analytics,false,analytics,False
1257,68,Forms,false,general,False
1258,68,Membership/Login,false,collaboration,False
1259,68,API Access,false,integration,False
1260,68,Email Marketing,false,ai,False
1261,68,Templates,true,general,True
1262,68,CDN,false,general,False
1263,68,Multilingual,true,general,True
1264,68,Version History,false,general,False
1265,69,Drag & Drop Editor,true,general,True
1266,69,Custom Domains,true,ai,True
1267,69,SSL Certificate,false,general,False
1268,69,SEO Tools,true,general,True
1269,69,Blog,true,general,True
1270,69,E-commerce,true,general,True
1271,69,App/Plugin Store,false,mobile,False
1272,69,Custom Code,false,general,False
1273,69,Mobile Responsive,true,mobile,True
1274,69,Analytics,true,analytics,True
1275,69,Forms,true,general,True
1276,69,Membership/Login,false,collaboration,False
1277,69,API Access,false,integration,False
1278,69,Email Marketing,true,ai,True
1279,69,Templates,true,general,True
1280,69,CDN,false,general,False
1281,69,Multilingual,false,general,False
1282,69,Version History,false,general,False
1283,70,Drag & Drop Editor,false,general,False
1284,70,Custom Domains,true,ai,True
1285,70,SSL Certificate,true,general,True
1286,70,SEO Tools,false,general,False
1287,70,Blog,true,general,True
1288,70,E-commerce,false,general,False
1289,70,App/Plugin Store,false,mobile,False
1290,70,Custom Code,true,general,True
1291,70,Mobile Responsive,true,mobile,True
1292,70,Analytics,false,analytics,False
1293,70,Forms,true,general,True
1294,70,Membership/Login,false,collaboration,False
1295,70,API Access,false,integration,False
1296,70,Email Marketing,false,ai,False
1297,70,Templates,false,general,False
1298,70,CDN,true,general,True
1299,70,Multilingual,false,general,False
1300,70,Version History,false,general,False
1301,71,Managed Hosting,true,general,True
1302,71,Auto-Scaling,true,general,True
1303,71,CDN,false,general,False
1304,71,SSL,true,general,True
1305,71,Backups,true,export,True
1306,71,Staging Environment,true,general,True
1307,71,SSH Access,true,general,True
1308,71,Git Deploy,true,general,True
1309,71,Docker/Containers,true,ai,True
1310,71,Managed Database,true,general,True
1311,71,Object Storage,true,general,True
1312,71,Load Balancer,true,general,True
1313,71,Firewall,true,general,True
1314,71,DDoS Protection,true,general,True
1315,71,API,true,integration,True
1316,71,CLI Tools,true,general,True
1317,71,Free Tier,true,general,True
1318,71,24/7 Support,true,general,True
1319,71,Uptime SLA,true,general,True
1320,71,Multi-Region,true,general,True
1321,72,Managed Hosting,true,general,True
1322,72,Auto-Scaling,true,general,True
1323,72,CDN,true,general,True
1324,72,SSL,true,general,True
1325,72,Backups,true,export,True
1326,72,Staging Environment,true,general,True
1327,72,SSH Access,true,general,True
1328,72,Git Deploy,true,general,True
1329,72,Docker/Containers,true,ai,True
1330,72,Managed Database,true,general,True
1331,72,Object Storage,true,general,True
1332,72,Load Balancer,true,general,True
1333,72,Firewall,true,general,True
1334,72,DDoS Protection,true,general,True
1335,72,API,true,integration,True
1336,72,CLI Tools,true,general,True
1337,72,Free Tier,true,general,True
1338,72,24/7 Support,true,general,True
1339,72,Uptime SLA,true,general,True
1340,72,Multi-Region,true,general,True
1341,73,Managed Hosting,true,general,True
1342,73,Auto-Scaling,true,general,True
1343,73,CDN,false,general,False
1344,73,SSL,true,general,True
1345,73,Backups,true,export,True
1346,73,Staging Environment,false,general,False
1347,73,SSH Access,true,general,True
1348,73,Git Deploy,true,general,True
1349,73,Docker/Containers,true,ai,True
1350,73,Managed Database,true,general,True
1351,73,Object Storage,true,general,True
1352,73,Load Balancer,true,general,True
1353,73,Firewall,true,general,True
1354,73,DDoS Protection,true,general,True
1355,73,API,true,integration,True
1356,73,CLI Tools,true,general,True
1357,73,Free Tier,true,general,True
1358,73,24/7 Support,true,general,True
1359,73,Uptime SLA,true,general,True
1360,73,Multi-Region,true,general,True
1361,74,Managed Hosting,true,general,True
1362,74,Auto-Scaling,false,general,False
1363,74,CDN,false,general,False
1364,74,SSL,true,general,True
1365,74,Backups,true,export,True
1366,74,Staging Environment,false,general,False
1367,74,SSH Access,false,general,False
1368,74,Git Deploy,false,general,False
1369,74,Docker/Containers,false,ai,False
1370,74,Managed Database,false,general,False
1371,74,Object Storage,false,general,False
1372,74,Load Balancer,false,general,False
1373,74,Firewall,false,general,False
1374,74,DDoS Protection,false,general,False
1375,74,API,false,integration,False
1376,74,CLI Tools,false,general,False
1377,74,Free Tier,true,general,True
1378,74,24/7 Support,true,general,True
1379,74,Uptime SLA,false,general,False
1380,74,Multi-Region,false,general,False
1381,75,Managed Hosting,true,general,True
1382,75,Auto-Scaling,false,general,False
1383,75,CDN,false,general,False
1384,75,SSL,true,general,True
1385,75,Backups,true,export,True
1386,75,Staging Environment,false,general,False
1387,75,SSH Access,true,general,True
1388,75,Git Deploy,true,general,True
1389,75,Docker/Containers,false,ai,False
1390,75,Managed Database,false,general,False
1391,75,Object Storage,false,general,False
1392,75,Load Balancer,false,general,False
1393,75,Firewall,true,general,True
1394,75,DDoS Protection,false,general,False
1395,75,API,false,integration,False
1396,75,CLI Tools,false,general,False
1397,75,Free Tier,true,general,True
1398,75,24/7 Support,true,general,True
1399,75,Uptime SLA,true,general,True
1400,75,Multi-Region,false,general,False
1401,76,Managed Hosting,true,general,True
1402,76,Auto-Scaling,true,general,True
1403,76,CDN,true,general,True
1404,76,SSL,true,general,True
1405,76,Backups,true,export,True
1406,76,Staging Environment,true,general,True
1407,76,SSH Access,true,general,True
1408,76,Git Deploy,true,general,True
1409,76,Docker/Containers,true,ai,True
1410,76,Managed Database,true,general,True
1411,76,Object Storage,true,general,True
1412,76,Load Balancer,true,general,True
1413,76,Firewall,true,general,True
1414,76,DDoS Protection,true,general,True
1415,76,API,true,integration,True
1416,76,CLI Tools,true,general,True
1417,76,Free Tier,true,general,True
1418,76,24/7 Support,true,general,True
1419,76,Uptime SLA,true,general,True
1420,76,Multi-Region,true,general,True
1421,77,Managed Hosting,true,general,True
1422,77,Auto-Scaling,true,general,True
1423,77,CDN,true,general,True
1424,77,SSL,true,general,True
1425,77,Backups,false,export,False
1426,77,Staging Environment,true,general,True
1427,77,SSH Access,false,general,False
1428,77,Git Deploy,true,general,True
1429,77,Docker/Containers,true,ai,True
1430,77,Managed Database,false,general,False
1431,77,Object Storage,false,general,False
1432,77,Load Balancer,true,general,True
1433,77,Firewall,true,general,True
1434,77,DDoS Protection,true,general,True
1435,77,API,true,integration,True
1436,77,CLI Tools,false,general,False
1437,77,Free Tier,true,general,True
1438,77,24/7 Support,true,general,True
1439,77,Uptime SLA,true,general,True
1440,77,Multi-Region,true,general,True
1441,78,Managed Hosting,true,general,True
1442,78,Auto-Scaling,true,general,True
1443,78,CDN,true,general,True
1444,78,SSL,true,general,True
1445,78,Backups,false,export,False
1446,78,Staging Environment,true,general,True
1447,78,SSH Access,false,general,False
1448,78,Git Deploy,true,general,True
1449,78,Docker/Containers,false,ai,False
1450,78,Managed Database,true,general,True
1451,78,Object Storage,true,general,True
1452,78,Load Balancer,false,general,False
1453,78,Firewall,false,general,False
1454,78,DDoS Protection,true,general,True
1455,78,API,true,integration,True
1456,78,CLI Tools,true,general,True
1457,78,Free Tier,true,general,True
1458,78,24/7 Support,true,general,True
1459,78,Uptime SLA,true,general,True
1460,78,Multi-Region,true,general,True
1461,79,Managed Hosting,true,general,True
1462,79,Auto-Scaling,true,general,True
1463,79,CDN,false,general,False
1464,79,SSL,true,general,True
1465,79,Backups,false,export,False
1466,79,Staging Environment,true,general,True
1467,79,SSH Access,false,general,False
1468,79,Git Deploy,true,general,True
1469,79,Docker/Containers,true,ai,True
1470,79,Managed Database,true,general,True
1471,79,Object Storage,false,general,False
1472,79,Load Balancer,true,general,True
1473,79,Firewall,true,general,True
1474,79,DDoS Protection,false,general,False
1475,79,API,true,integration,True
1476,79,CLI Tools,true,general,True
1477,79,Free Tier,true,general,True
1478,79,24/7 Support,true,general,True
1479,79,Uptime SLA,true,general,True
1480,79,Multi-Region,true,general,True
1481,80,Managed Hosting,true,general,True
1482,80,Auto-Scaling,true,general,True
1483,80,CDN,false,general,False
1484,80,SSL,true,general,True
1485,80,Backups,true,export,True
1486,80,Staging Environment,true,general,True
1487,80,SSH Access,false,general,False
1488,80,Git Deploy,true,general,True
1489,80,Docker/Containers,true,ai,True
1490,80,Managed Database,true,general,True
1491,80,Object Storage,false,general,False
1492,80,Load Balancer,true,general,True
1493,80,Firewall,false,general,False
1494,80,DDoS Protection,true,general,True
1495,80,API,true,integration,True
1496,80,CLI Tools,false,general,False
1497,80,Free Tier,true,general,True
1498,80,24/7 Support,false,general,False
1499,80,Uptime SLA,false,general,False
1500,80,Multi-Region,true,general,True
1501,81,Managed Hosting,true,general,True
1502,81,Auto-Scaling,true,general,True
1503,81,CDN,true,general,True
1504,81,SSL,true,general,True
1505,81,Backups,false,export,False
1506,81,Staging Environment,true,general,True
1507,81,SSH Access,true,general,True
1508,81,Git Deploy,true,general,True
1509,81,Docker/Containers,true,ai,True
1510,81,Managed Database,true,general,True
1511,81,Object Storage,false,general,False
1512,81,Load Balancer,false,general,False
1513,81,Firewall,true,general,True
1514,81,DDoS Protection,true,general,True
1515,81,API,true,integration,True
1516,81,CLI Tools,false,general,False
1517,81,Free Tier,true,general,True
1518,81,24/7 Support,true,general,True
1519,81,Uptime SLA,true,general,True
1520,81,Multi-Region,true,general,True
1521,82,Managed Hosting,true,general,True
1522,82,Auto-Scaling,false,general,False
1523,82,CDN,false,general,False
1524,82,SSL,true,general,True
1525,82,Backups,false,export,False
1526,82,Staging Environment,false,general,False
1527,82,SSH Access,true,general,True
1528,82,Git Deploy,false,general,False
1529,82,Docker/Containers,false,ai,False
1530,82,Managed Database,false,general,False
1531,82,Object Storage,true,general,True
1532,82,Load Balancer,true,general,True
1533,82,Firewall,false,general,False
1534,82,DDoS Protection,false,general,False
1535,82,API,false,integration,False
1536,82,CLI Tools,false,general,False
1537,82,Free Tier,false,general,False
1538,82,24/7 Support,true,general,True
1539,82,Uptime SLA,false,general,False
1540,82,Multi-Region,true,general,True
1541,83,Managed Hosting,true,general,True
1542,83,Auto-Scaling,false,general,False
1543,83,CDN,true,general,True
1544,83,SSL,true,general,True
1545,83,Backups,true,export,True
1546,83,Staging Environment,false,general,False
1547,83,SSH Access,true,general,True
1548,83,Git Deploy,false,general,False
1549,83,Docker/Containers,true,ai,True
1550,83,Managed Database,true,general,True
1551,83,Object Storage,true,general,True
1552,83,Load Balancer,true,general,True
1553,83,Firewall,true,general,True
1554,83,DDoS Protection,true,general,True
1555,83,API,true,integration,True
1556,83,CLI Tools,true,general,True
1557,83,Free Tier,true,general,True
1558,83,24/7 Support,true,general,True
1559,83,Uptime SLA,true,general,True
1560,83,Multi-Region,true,general,True
1561,84,Managed Hosting,true,general,True
1562,84,Auto-Scaling,true,general,True
1563,84,CDN,true,general,True
1564,84,SSL,true,general,True
1565,84,Backups,true,export,True
1566,84,Staging Environment,true,general,True
1567,84,SSH Access,true,general,True
1568,84,Git Deploy,true,general,True
1569,84,Docker/Containers,true,ai,True
1570,84,Managed Database,true,general,True
1571,84,Object Storage,true,general,True
1572,84,Load Balancer,true,general,True
1573,84,Firewall,true,general,True
1574,84,DDoS Protection,true,general,True
1575,84,API,true,integration,True
1576,84,CLI Tools,true,general,True
1577,84,Free Tier,true,general,True
1578,84,24/7 Support,true,general,True
1579,84,Uptime SLA,true,general,True
1580,84,Multi-Region,true,general,True
1581,85,Managed Hosting,false,general,False
1582,85,Auto-Scaling,true,general,True
1583,85,CDN,false,general,False
1584,85,SSL,true,general,True
1585,85,Backups,true,export,True
1586,85,Staging Environment,true,general,True
1587,85,SSH Access,true,general,True
1588,85,Git Deploy,true,general,True
1589,85,Docker/Containers,true,ai,True
1590,85,Managed Database,false,general,False
1591,85,Object Storage,true,general,True
1592,85,Load Balancer,true,general,True
1593,85,Firewall,true,general,True
1594,85,DDoS Protection,true,general,True
1595,85,API,true,integration,True
1596,85,CLI Tools,true,general,True
1597,85,Free Tier,true,general,True
1598,85,24/7 Support,true,general,True
1599,85,Uptime SLA,true,general,True
1600,85,Multi-Region,true,general,True
1601,86,Managed Hosting,true,general,True
1602,86,Auto-Scaling,true,general,True
1603,86,CDN,true,general,True
1604,86,SSL,true,general,True
1605,86,Backups,true,export,True
1606,86,Staging Environment,true,general,True
1607,86,SSH Access,true,general,True
1608,86,Git Deploy,true,general,True
1609,86,Docker/Containers,true,ai,True
1610,86,Managed Database,true,general,True
1611,86,Object Storage,true,general,True
1612,86,Load Balancer,true,general,True
1613,86,Firewall,true,general,True
1614,86,DDoS Protection,true,general,True
1615,86,API,true,integration,True
1616,86,CLI Tools,true,general,True
1617,86,Free Tier,true,general,True
1618,86,24/7 Support,true,general,True
1619,86,Uptime SLA,true,general,True
1620,86,Multi-Region,true,general,True
1621,87,Managed Hosting,true,general,True
1622,87,Auto-Scaling,false,general,False
1623,87,CDN,false,general,False
1624,87,SSL,true,general,True
1625,87,Backups,true,export,True
1626,87,Staging Environment,false,general,False
1627,87,SSH Access,true,general,True
1628,87,Git Deploy,false,general,False
1629,87,Docker/Containers,false,ai,False
1630,87,Managed Database,false,general,False
1631,87,Object Storage,false,general,False
1632,87,Load Balancer,false,general,False
1633,87,Firewall,true,general,True
1634,87,DDoS Protection,false,general,False
1635,87,API,false,integration,False
1636,87,CLI Tools,false,general,False
1637,87,Free Tier,true,general,True
1638,87,24/7 Support,true,general,True
1639,87,Uptime SLA,true,general,True
1640,87,Multi-Region,true,general,True
1641,88,Managed Hosting,true,general,True
1642,88,Auto-Scaling,false,general,False
1643,88,CDN,true,general,True
1644,88,SSL,true,general,True
1645,88,Backups,true,export,True
1646,88,Staging Environment,true,general,True
1647,88,SSH Access,true,general,True
1648,88,Git Deploy,true,general,True
1649,88,Docker/Containers,false,ai,False
1650,88,Managed Database,true,general,True
1651,88,Object Storage,false,general,False
1652,88,Load Balancer,false,general,False
1653,88,Firewall,true,general,True
1654,88,DDoS Protection,true,general,True
1655,88,API,true,integration,True
1656,88,CLI Tools,true,general,True
1657,88,Free Tier,true,general,True
1658,88,24/7 Support,true,general,True
1659,88,Uptime SLA,true,general,True
1660,88,Multi-Region,true,general,True
1661,89,Managed Hosting,true,general,True
1662,89,Auto-Scaling,false,general,False
1663,89,CDN,true,general,True
1664,89,SSL,true,general,True
1665,89,Backups,true,export,True
1666,89,Staging Environment,false,general,False
1667,89,SSH Access,true,general,True
1668,89,Git Deploy,true,general,True
1669,89,Docker/Containers,false,ai,False
1670,89,Managed Database,false,general,False
1671,89,Object Storage,false,general,False
1672,89,Load Balancer,false,general,False
1673,89,Firewall,true,general,True
1674,89,DDoS Protection,true,general,True
1675,89,API,true,integration,True
1676,89,CLI Tools,true,general,True
1677,89,Free Tier,true,general,True
1678,89,24/7 Support,true,general,True
1679,89,Uptime SLA,true,general,True
1680,89,Multi-Region,true,general,True
1681,90,Managed Hosting,true,general,True
1682,90,Auto-Scaling,false,general,False
1683,90,CDN,true,general,True
1684,90,SSL,true,general,True
1685,90,Backups,true,export,True
1686,90,Staging Environment,true,general,True
1687,90,SSH Access,true,general,True
1688,90,Git Deploy,true,general,True
1689,90,Docker/Containers,true,ai,True
1690,90,Managed Database,true,general,True
1691,90,Object Storage,true,general,True
1692,90,Load Balancer,true,general,True
1693,90,Firewall,true,general,True
1694,90,DDoS Protection,true,general,True
1695,90,API,true,integration,True
1696,90,CLI Tools,true,general,True
1697,90,Free Tier,false,general,False
1698,90,24/7 Support,true,general,True
1699,90,Uptime SLA,true,general,True
1700,90,Multi-Region,true,general,True
1701,91,Vector Editing,true,general,True
1702,91,Raster Editing,false,general,False
1703,91,Prototyping,true,general,True
1704,91,Collaboration (Real-time),true,collaboration,True
1705,91,Components/Symbols,true,general,True
1706,91,Auto Layout,true,general,True
1707,91,Version History,true,general,True
1708,91,Export Formats,true,export,True
1709,91,Plugin System,true,general,True
1710,91,Templates,true,general,True
1711,91,Animation,true,general,True
1712,91,3D Design,false,general,False
1713,91,Developer Handoff,true,general,True
1714,91,Design System,true,general,True
1715,91,Asset Library,true,general,True
1716,91,Comments/Feedback,true,collaboration,True
1717,91,Cloud Storage,true,general,True
1718,91,Offline Mode,false,general,False
1719,92,Vector Editing,true,general,True
1720,92,Raster Editing,true,general,True
1721,92,Prototyping,false,general,False
1722,92,Collaboration (Real-time),true,collaboration,True
1723,92,Components/Symbols,true,general,True
1724,92,Auto Layout,true,general,True
1725,92,Version History,true,general,True
1726,92,Export Formats,true,export,True
1727,92,Plugin System,false,general,False
1728,92,Templates,true,general,True
1729,92,Animation,true,general,True
1730,92,3D Design,false,general,False
1731,92,Developer Handoff,false,general,False
1732,92,Design System,false,general,False
1733,92,Asset Library,true,general,True
1734,92,Comments/Feedback,true,collaboration,True
1735,92,Cloud Storage,true,general,True
1736,92,Offline Mode,false,general,False
1737,93,Vector Editing,true,general,True
1738,93,Raster Editing,false,general,False
1739,93,Prototyping,true,general,True
1740,93,Collaboration (Real-time),true,collaboration,True
1741,93,Components/Symbols,true,general,True
1742,93,Auto Layout,true,general,True
1743,93,Version History,true,general,True
1744,93,Export Formats,true,export,True
1745,93,Plugin System,false,general,False
1746,93,Templates,true,general,True
1747,93,Animation,true,general,True
1748,93,3D Design,false,general,False
1749,93,Developer Handoff,true,general,True
1750,93,Design System,true,general,True
1751,93,Asset Library,true,general,True
1752,93,Comments/Feedback,true,collaboration,True
1753,93,Cloud Storage,true,general,True
1754,93,Offline Mode,false,general,False
1755,94,Vector Editing,true,general,True
1756,94,Raster Editing,false,general,False
1757,94,Prototyping,true,general,True
1758,94,Collaboration (Real-time),true,collaboration,True
1759,94,Components/Symbols,true,general,True
1760,94,Auto Layout,false,general,False
1761,94,Version History,false,general,False
1762,94,Export Formats,true,export,True
1763,94,Plugin System,true,general,True
1764,94,Templates,true,general,True
1765,94,Animation,true,general,True
1766,94,3D Design,false,general,False
1767,94,Developer Handoff,true,general,True
1768,94,Design System,false,general,False
1769,94,Asset Library,true,general,True
1770,94,Comments/Feedback,true,collaboration,True
1771,94,Cloud Storage,false,general,False
1772,94,Offline Mode,true,general,True
1773,95,Vector Editing,false,general,False
1774,95,Raster Editing,false,general,False
1775,95,Prototyping,true,general,True
1776,95,Collaboration (Real-time),true,collaboration,True
1777,95,Components/Symbols,false,general,False
1778,95,Auto Layout,false,general,False
1779,95,Version History,false,general,False
1780,95,Export Formats,false,export,False
1781,95,Plugin System,false,general,False
1782,95,Templates,true,general,True
1783,95,Animation,false,general,False
1784,95,3D Design,false,general,False
1785,95,Developer Handoff,false,general,False
1786,95,Design System,false,general,False
1787,95,Asset Library,false,general,False
1788,95,Comments/Feedback,true,collaboration,True
1789,95,Cloud Storage,true,general,True
1790,95,Offline Mode,false,general,False
1791,96,Vector Editing,true,general,True
1792,96,Raster Editing,false,general,False
1793,96,Prototyping,true,general,True
1794,96,Collaboration (Real-time),true,collaboration,True
1795,96,Components/Symbols,true,general,True
1796,96,Auto Layout,false,general,False
1797,96,Version History,false,general,False
1798,96,Export Formats,false,export,False
1799,96,Plugin System,false,general,False
1800,96,Templates,true,general,True
1801,96,Animation,true,general,True
1802,96,3D Design,false,general,False
1803,96,Developer Handoff,true,general,True
1804,96,Design System,true,general,True
1805,96,Asset Library,false,general,False
1806,96,Comments/Feedback,true,collaboration,True
1807,96,Cloud Storage,false,general,False
1808,96,Offline Mode,false,general,False
1809,97,Vector Editing,true,general,True
1810,97,Raster Editing,true,general,True
1811,97,Prototyping,false,general,False
1812,97,Collaboration (Real-time),false,collaboration,False
1813,97,Components/Symbols,true,general,True
1814,97,Auto Layout,false,general,False
1815,97,Version History,false,general,False
1816,97,Export Formats,true,export,True
1817,97,Plugin System,false,general,False
1818,97,Templates,true,general,True
1819,97,Animation,false,general,False
1820,97,3D Design,false,general,False
1821,97,Developer Handoff,false,general,False
1822,97,Design System,false,general,False
1823,97,Asset Library,false,general,False
1824,97,Comments/Feedback,false,collaboration,False
1825,97,Cloud Storage,false,general,False
1826,97,Offline Mode,true,general,True
1827,98,Vector Editing,true,general,True
1828,98,Raster Editing,false,general,False
1829,98,Prototyping,false,general,False
1830,98,Collaboration (Real-time),false,collaboration,False
1831,98,Components/Symbols,true,general,True
1832,98,Auto Layout,false,general,False
1833,98,Version History,false,general,False
1834,98,Export Formats,true,export,True
1835,98,Plugin System,true,general,True
1836,98,Templates,true,general,True
1837,98,Animation,true,general,True
1838,98,3D Design,false,general,False
1839,98,Developer Handoff,false,general,False
1840,98,Design System,false,general,False
1841,98,Asset Library,false,general,False
1842,98,Comments/Feedback,false,collaboration,False
1843,98,Cloud Storage,false,general,False
1844,98,Offline Mode,false,general,False
1845,99,Vector Editing,true,general,True
1846,99,Raster Editing,true,general,True
1847,99,Prototyping,false,general,False
1848,99,Collaboration (Real-time),false,collaboration,False
1849,99,Components/Symbols,true,general,True
1850,99,Auto Layout,false,general,False
1851,99,Version History,false,general,False
1852,99,Export Formats,true,export,True
1853,99,Plugin System,true,general,True
1854,99,Templates,true,general,True
1855,99,Animation,true,general,True
1856,99,3D Design,true,general,True
1857,99,Developer Handoff,false,general,False
1858,99,Design System,false,general,False
1859,99,Asset Library,false,general,False
1860,99,Comments/Feedback,false,collaboration,False
1861,99,Cloud Storage,false,general,False
1862,99,Offline Mode,false,general,False
1863,100,Vector Editing,true,general,True
1864,100,Raster Editing,true,general,True
1865,100,Prototyping,true,general,True
1866,100,Collaboration (Real-time),true,collaboration,True
1867,100,Components/Symbols,true,general,True
1868,100,Auto Layout,true,general,True
1869,100,Version History,false,general,False
1870,100,Export Formats,true,export,True
1871,100,Plugin System,true,general,True
1872,100,Templates,true,general,True
1873,100,Animation,true,general,True
1874,100,3D Design,true,general,True
1875,100,Developer Handoff,true,general,True
1876,100,Design System,true,general,True
1877,100,Asset Library,true,general,True
1878,100,Comments/Feedback,true,collaboration,True
1879,100,Cloud Storage,true,general,True
1880,100,Offline Mode,true,general,True
1881,101,Vector Editing,false,general,False
1882,101,Raster Editing,true,general,True
1883,101,Prototyping,false,general,False
1884,101,Collaboration (Real-time),false,collaboration,False
1885,101,Components/Symbols,false,general,False
1886,101,Auto Layout,false,general,False
1887,101,Version History,false,general,False
1888,101,Export Formats,true,export,True
1889,101,Plugin System,false,general,False
1890,101,Templates,true,general,True
1891,101,Animation,true,general,True
1892,101,3D Design,false,general,False
1893,101,Developer Handoff,false,general,False
1894,101,Design System,false,general,False
1895,101,Asset Library,false,general,False
1896,101,Comments/Feedback,false,collaboration,False
1897,101,Cloud Storage,false,general,False
1898,101,Offline Mode,true,general,True
1899,102,Vector Editing,false,general,False
1900,102,Raster Editing,true,general,True
1901,102,Prototyping,false,general,False
1902,102,Collaboration (Real-time),false,collaboration,False
1903,102,Components/Symbols,false,general,False
1904,102,Auto Layout,false,general,False
1905,102,Version History,false,general,False
1906,102,Export Formats,true,export,True
1907,102,Plugin System,false,general,False
1908,102,Templates,true,general,True
1909,102,Animation,true,general,True
1910,102,3D Design,false,general,False
1911,102,Developer Handoff,false,general,False
1912,102,Design System,false,general,False
1913,102,Asset Library,false,general,False
1914,102,Comments/Feedback,false,collaboration,False
1915,102,Cloud Storage,false,general,False
1916,102,Offline Mode,false,general,False
1917,103,Vector Editing,false,general,False
1918,103,Raster Editing,false,general,False
1919,103,Prototyping,true,general,True
1920,103,Collaboration (Real-time),true,collaboration,True
1921,103,Components/Symbols,true,general,True
1922,103,Auto Layout,false,general,False
1923,103,Version History,false,general,False
1924,103,Export Formats,false,export,False
1925,103,Plugin System,false,general,False
1926,103,Templates,false,general,False
1927,103,Animation,true,general,True
1928,103,3D Design,false,general,False
1929,103,Developer Handoff,false,general,False
1930,103,Design System,false,general,False
1931,103,Asset Library,false,general,False
1932,103,Comments/Feedback,false,collaboration,False
1933,103,Cloud Storage,true,general,True
1934,103,Offline Mode,false,general,False
1935,103,Site Search,true,general,True
1936,103,Password Protect,true,general,True
1937,103,Site Redirects,true,general,True
1938,103,Bandwidth Usage,true,general,True
1939,103,Hosting,true,general,True
1940,103,Global CDN,true,general,True
1941,103,Custom Domain,true,ai,True
1942,103,Roles and Permissions,true,security,True
1943,103,Staging and Rollback,true,general,True
1944,103,Relational CMS,true,general,True
1945,103,A/B Testing,true,general,True
1946,103,Multiple Locales,true,general,True
1947,103,Priority Support,true,general,True
1948,103,Flexible Limits,true,general,True
1949,103,Custom Proxy Setup,true,general,True
1950,104,Vector Editing,false,general,False
1951,104,Raster Editing,false,general,False
1952,104,Prototyping,true,general,True
1953,104,Collaboration (Real-time),true,collaboration,True
1954,104,Components/Symbols,false,general,False
1955,104,Auto Layout,false,general,False
1956,104,Version History,true,general,True
1957,104,Export Formats,true,export,True
1958,104,Plugin System,false,general,False
1959,104,Templates,true,general,True
1960,104,Animation,true,general,True
1961,104,3D Design,true,general,True
1962,104,Developer Handoff,false,general,False
1963,104,Design System,false,general,False
1964,104,Asset Library,true,general,True
1965,104,Comments/Feedback,false,collaboration,False
1966,104,Cloud Storage,true,general,True
1967,104,Offline Mode,false,general,False
1968,105,Vector Editing,false,general,False
1969,105,Raster Editing,false,general,False
1970,105,Prototyping,true,general,True
1971,105,Collaboration (Real-time),true,collaboration,True
1972,105,Components/Symbols,true,general,True
1973,105,Auto Layout,false,general,False
1974,105,Version History,false,general,False
1975,105,Export Formats,true,export,True
1976,105,Plugin System,false,general,False
1977,105,Templates,true,general,True
1978,105,Animation,false,general,False
1979,105,3D Design,false,general,False
1980,105,Developer Handoff,false,general,False
1981,105,Design System,false,general,False
1982,105,Asset Library,false,general,False
1983,105,Comments/Feedback,true,collaboration,True
1984,105,Cloud Storage,true,general,True
1985,105,Offline Mode,false,general,False
1986,106,Vector Editing,false,general,False
1987,106,Raster Editing,false,general,False
1988,106,Prototyping,true,general,True
1989,106,Collaboration (Real-time),true,collaboration,True
1990,106,Components/Symbols,true,general,True
1991,106,Auto Layout,false,general,False
1992,106,Version History,true,general,True
1993,106,Export Formats,false,export,False
1994,106,Plugin System,false,general,False
1995,106,Templates,true,general,True
1996,106,Animation,false,general,False
1997,106,3D Design,false,general,False
1998,106,Developer Handoff,false,general,False
1999,106,Design System,false,general,False
2000,106,Asset Library,false,general,False
2001,106,Comments/Feedback,true,collaboration,True
2002,106,Cloud Storage,true,general,True
2003,106,Offline Mode,false,general,False
2004,107,Invoicing,true,general,True
2005,107,Expense Tracking,true,general,True
2006,107,Bank Connection,true,general,True
2007,107,Payroll,true,general,True
2008,107,Tax Filing,true,general,True
2009,107,Multi-Currency,true,general,True
2010,107,Reporting,true,analytics,True
2011,107,Receipt Scanning,true,general,True
2012,107,Time Tracking,true,general,True
2013,107,Project Billing,true,general,True
2014,107,Inventory,true,general,True
2015,107,Estimates/Quotes,true,general,True
2016,107,API/Integrations,true,integration,True
2017,107,Mobile App,true,mobile,True
2018,107,Multi-User,true,general,True
2019,107,Recurring Billing,true,general,True
2020,108,Invoicing,true,general,True
2021,108,Expense Tracking,true,general,True
2022,108,Bank Connection,true,general,True
2023,108,Payroll,true,general,True
2024,108,Tax Filing,false,general,False
2025,108,Multi-Currency,true,general,True
2026,108,Reporting,true,analytics,True
2027,108,Receipt Scanning,false,general,False
2028,108,Time Tracking,false,general,False
2029,108,Project Billing,true,general,True
2030,108,Inventory,true,general,True
2031,108,Estimates/Quotes,true,general,True
2032,108,API/Integrations,true,integration,True
2033,108,Mobile App,true,mobile,True
2034,108,Multi-User,true,general,True
2035,108,Recurring Billing,true,general,True
2036,109,Invoicing,true,general,True
2037,109,Expense Tracking,true,general,True
2038,109,Bank Connection,true,general,True
2039,109,Payroll,true,general,True
2040,109,Tax Filing,false,general,False
2041,109,Multi-Currency,true,general,True
2042,109,Reporting,true,analytics,True
2043,109,Receipt Scanning,true,general,True
2044,109,Time Tracking,true,general,True
2045,109,Project Billing,true,general,True
2046,109,Inventory,false,general,False
2047,109,Estimates/Quotes,true,general,True
2048,109,API/Integrations,true,integration,True
2049,109,Mobile App,true,mobile,True
2050,109,Multi-User,true,general,True
2051,109,Recurring Billing,true,general,True
2052,110,Invoicing,true,general,True
2053,110,Expense Tracking,true,general,True
2054,110,Bank Connection,true,general,True
2055,110,Payroll,true,general,True
2056,110,Tax Filing,false,general,False
2057,110,Multi-Currency,false,general,False
2058,110,Reporting,true,analytics,True
2059,110,Receipt Scanning,true,general,True
2060,110,Time Tracking,false,general,False
2061,110,Project Billing,true,general,True
2062,110,Inventory,false,general,False
2063,110,Estimates/Quotes,true,general,True
2064,110,API/Integrations,false,integration,False
2065,110,Mobile App,true,mobile,True
2066,110,Multi-User,true,general,True
2067,110,Recurring Billing,true,general,True
2068,111,Invoicing,true,general,True
2069,111,Expense Tracking,true,general,True
2070,111,Bank Connection,true,general,True
2071,111,Payroll,false,general,False
2072,111,Tax Filing,false,general,False
2073,111,Multi-Currency,true,general,True
2074,111,Reporting,true,analytics,True
2075,111,Receipt Scanning,false,general,False
2076,111,Time Tracking,false,general,False
2077,111,Project Billing,true,general,True
2078,111,Inventory,true,general,True
2079,111,Estimates/Quotes,true,general,True
2080,111,API/Integrations,true,integration,True
2081,111,Mobile App,true,mobile,True
2082,111,Multi-User,true,general,True
2083,111,Recurring Billing,true,general,True
2084,112,Invoicing,true,general,True
2085,112,Expense Tracking,true,general,True
2086,112,Bank Connection,true,general,True
2087,112,Payroll,true,general,True
2088,112,Tax Filing,true,general,True
2089,112,Multi-Currency,true,general,True
2090,112,Reporting,true,analytics,True
2091,112,Receipt Scanning,false,general,False
2092,112,Time Tracking,false,general,False
2093,112,Project Billing,true,general,True
2094,112,Inventory,false,general,False
2095,112,Estimates/Quotes,true,general,True
2096,112,API/Integrations,true,integration,True
2097,112,Mobile App,true,mobile,True
2098,112,Multi-User,true,general,True
2099,112,Recurring Billing,true,general,True
2100,113,Invoicing,true,general,True
2101,113,Expense Tracking,true,general,True
2102,113,Bank Connection,true,general,True
2103,113,Payroll,false,general,False
2104,113,Tax Filing,false,general,False
2105,113,Multi-Currency,true,general,True
2106,113,Reporting,true,analytics,True
2107,113,Receipt Scanning,false,general,False
2108,113,Time Tracking,false,general,False
2109,113,Project Billing,false,general,False
2110,113,Inventory,false,general,False
2111,113,Estimates/Quotes,true,general,True
2112,113,API/Integrations,false,integration,False
2113,113,Mobile App,true,mobile,True
2114,113,Multi-User,true,general,True
2115,113,Recurring Billing,true,general,True
2116,114,Invoicing,true,general,True
2117,114,Expense Tracking,true,general,True
2118,114,Bank Connection,true,general,True
2119,114,Payroll,false,general,False
2120,114,Tax Filing,true,general,True
2121,114,Multi-Currency,false,general,False
2122,114,Reporting,true,analytics,True
2123,114,Receipt Scanning,false,general,False
2124,114,Time Tracking,false,general,False
2125,114,Project Billing,false,general,False
2126,114,Inventory,false,general,False
2127,114,Estimates/Quotes,false,general,False
2128,114,API/Integrations,false,integration,False
2129,114,Mobile App,false,mobile,False
2130,114,Multi-User,true,general,True
2131,114,Recurring Billing,true,general,True
2132,115,Invoicing,true,general,True
2133,115,Expense Tracking,true,general,True
2134,115,Bank Connection,true,general,True
2135,115,Payroll,true,general,True
2136,115,Tax Filing,true,general,True
2137,115,Multi-Currency,false,general,False
2138,115,Reporting,true,analytics,True
2139,115,Receipt Scanning,false,general,False
2140,115,Time Tracking,false,general,False
2141,115,Project Billing,true,general,True
2142,115,Inventory,false,general,False
2143,115,Estimates/Quotes,false,general,False
2144,115,API/Integrations,true,integration,True
2145,115,Mobile App,false,mobile,False
2146,115,Multi-User,true,general,True
2147,115,Recurring Billing,true,general,True
2148,116,Invoicing,true,general,True
2149,116,Expense Tracking,true,general,True
2150,116,Bank Connection,false,general,False
2151,116,Payroll,false,general,False
2152,116,Tax Filing,false,general,False
2153,116,Multi-Currency,false,general,False
2154,116,Reporting,true,analytics,True
2155,116,Receipt Scanning,false,general,False
2156,116,Time Tracking,true,general,True
2157,116,Project Billing,true,general,True
2158,116,Inventory,false,general,False
2159,116,Estimates/Quotes,true,general,True
2160,116,API/Integrations,true,integration,True
2161,116,Mobile App,true,mobile,True
2162,116,Multi-User,true,general,True
2163,116,Recurring Billing,true,general,True
2164,117,Invoicing,true,general,True
2165,117,Expense Tracking,false,general,False
2166,117,Bank Connection,false,general,False
2167,117,Payroll,false,general,False
2168,117,Tax Filing,false,general,False
2169,117,Multi-Currency,false,general,False
2170,117,Reporting,true,analytics,True
2171,117,Receipt Scanning,false,general,False
2172,117,Time Tracking,true,general,True
2173,117,Project Billing,true,general,True
2174,117,Inventory,false,general,False
2175,117,Estimates/Quotes,true,general,True
2176,117,API/Integrations,true,integration,True
2177,117,Mobile App,true,mobile,True
2178,117,Multi-User,true,general,True
2179,117,Recurring Billing,true,general,True
2180,118,Invoicing,true,general,True
2181,118,Expense Tracking,true,general,True
2182,118,Bank Connection,true,general,True
2183,118,Payroll,true,general,True
2184,118,Tax Filing,false,general,False
2185,118,Multi-Currency,true,general,True
2186,118,Reporting,true,analytics,True
2187,118,Receipt Scanning,false,general,False
2188,118,Time Tracking,true,general,True
2189,118,Project Billing,true,general,True
2190,118,Inventory,true,general,True
2191,118,Estimates/Quotes,false,general,False
2192,118,API/Integrations,true,integration,True
2193,118,Mobile App,true,mobile,True
2194,118,Multi-User,true,general,True
2195,118,Recurring Billing,true,general,True
2196,119,Invoicing,true,general,True
2197,119,Expense Tracking,true,general,True
2198,119,Bank Connection,true,general,True
2199,119,Payroll,true,general,True
2200,119,Tax Filing,true,general,True
2201,119,Multi-Currency,true,general,True
2202,119,Reporting,true,analytics,True
2203,119,Receipt Scanning,true,general,True
2204,119,Time Tracking,true,general,True
2205,119,Project Billing,true,general,True
2206,119,Inventory,true,general,True
2207,119,Estimates/Quotes,true,general,True
2208,119,API/Integrations,true,integration,True
2209,119,Mobile App,true,mobile,True
2210,119,Multi-User,true,general,True
2211,119,Recurring Billing,true,general,True
2212,120,Invoicing,true,general,True
2213,120,Expense Tracking,true,general,True
2214,120,Bank Connection,false,general,False
2215,120,Payroll,false,general,False
2216,120,Tax Filing,false,general,False
2217,120,Multi-Currency,false,general,False
2218,120,Reporting,true,analytics,True
2219,120,Receipt Scanning,false,general,False
2220,120,Time Tracking,false,general,False
2221,120,Project Billing,false,general,False
2222,120,Inventory,false,general,False
2223,120,Estimates/Quotes,false,general,False
2224,120,API/Integrations,false,integration,False
2225,120,Mobile App,true,mobile,True
2226,120,Multi-User,false,general,False
2227,120,Recurring Billing,false,general,False
2228,121,Invoicing,true,general,True
2229,121,Expense Tracking,true,general,True
2230,121,Bank Connection,true,general,True
2231,121,Payroll,true,general,True
2232,121,Tax Filing,true,general,True
2233,121,Multi-Currency,false,general,False
2234,121,Reporting,true,analytics,True
2235,121,Receipt Scanning,false,general,False
2236,121,Time Tracking,true,general,True
2237,121,Project Billing,false,general,False
2238,121,Inventory,false,general,False
2239,121,Estimates/Quotes,true,general,True
2240,121,API/Integrations,false,integration,False
2241,121,Mobile App,true,mobile,True
2242,121,Multi-User,true,general,True
2243,121,Recurring Billing,true,general,True
2244,122,HD Video,true,general,True
2245,122,Screen Sharing,true,general,True
2246,122,Recording,true,general,True
2247,122,Virtual Backgrounds,true,general,True
2248,122,Breakout Rooms,false,general,False
2249,122,Chat,true,general,True
2250,122,Whiteboard,false,general,False
2251,122,Polls/Q&A,false,general,False
2252,122,Calendar Integration,false,integration,False
2253,122,API/SDK,true,integration,True
2254,122,Mobile App,true,mobile,True
2255,122,Webinar Mode,true,general,True
2256,122,Transcription,true,general,True
2257,122,Noise Cancellation,false,general,False
2258,122,End-to-End Encryption,true,security,True
2259,122,Waiting Room,true,ai,True
2260,122,Hand Raise,false,ai,False
2261,122,Live Streaming,true,general,True
2262,122,Analytics,true,analytics,True
2263,123,HD Video,true,general,True
2264,123,Screen Sharing,true,general,True
2265,123,Recording,true,general,True
2266,123,Virtual Backgrounds,false,general,False
2267,123,Breakout Rooms,false,general,False
2268,123,Chat,true,general,True
2269,123,Whiteboard,false,general,False
2270,123,Polls/Q&A,false,general,False
2271,123,Calendar Integration,true,integration,True
2272,123,API/SDK,true,integration,True
2273,123,Mobile App,true,mobile,True
2274,123,Webinar Mode,false,general,False
2275,123,Transcription,false,general,False
2276,123,Noise Cancellation,false,general,False
2277,123,End-to-End Encryption,true,security,True
2278,123,Waiting Room,false,ai,False
2279,123,Hand Raise,false,ai,False
2280,123,Live Streaming,false,general,False
2281,123,Analytics,false,analytics,False
2282,124,HD Video,true,general,True
2283,124,Screen Sharing,true,general,True
2284,124,Recording,true,general,True
2285,124,Virtual Backgrounds,true,general,True
2286,124,Breakout Rooms,true,general,True
2287,124,Chat,true,general,True
2288,124,Whiteboard,true,general,True
2289,124,Polls/Q&A,true,general,True
2290,124,Calendar Integration,true,integration,True
2291,124,API/SDK,true,integration,True
2292,124,Mobile App,true,mobile,True
2293,124,Webinar Mode,false,general,False
2294,124,Transcription,true,general,True
2295,124,Noise Cancellation,false,general,False
2296,124,End-to-End Encryption,true,security,True
2297,124,Waiting Room,true,ai,True
2298,124,Hand Raise,true,ai,True
2299,124,Live Streaming,true,general,True
2300,124,Analytics,true,analytics,True
2301,125,HD Video,true,general,True
2302,125,Screen Sharing,true,general,True
2303,125,Recording,false,general,False
2304,125,Virtual Backgrounds,false,general,False
2305,125,Breakout Rooms,false,general,False
2306,125,Chat,true,general,True
2307,125,Whiteboard,false,general,False
2308,125,Polls/Q&A,false,general,False
2309,125,Calendar Integration,false,integration,False
2310,125,API/SDK,false,integration,False
2311,125,Mobile App,false,mobile,False
2312,125,Webinar Mode,false,general,False
2313,125,Transcription,false,general,False
2314,125,Noise Cancellation,false,general,False
2315,125,End-to-End Encryption,false,security,False
2316,125,Waiting Room,false,ai,False
2317,125,Hand Raise,false,ai,False
2318,125,Live Streaming,false,general,False
2319,125,Analytics,false,analytics,False
2320,126,HD Video,true,general,True
2321,126,Screen Sharing,true,general,True
2322,126,Recording,true,general,True
2323,126,Virtual Backgrounds,true,general,True
2324,126,Breakout Rooms,false,general,False
2325,126,Chat,true,general,True
2326,126,Whiteboard,false,general,False
2327,126,Polls/Q&A,false,general,False
2328,126,Calendar Integration,false,integration,False
2329,126,API/SDK,false,integration,False
2330,126,Mobile App,false,mobile,False
2331,126,Webinar Mode,false,general,False
2332,126,Transcription,true,general,True
2333,126,Noise Cancellation,true,general,True
2334,126,End-to-End Encryption,false,security,False
2335,126,Waiting Room,false,ai,False
2336,126,Hand Raise,false,ai,False
2337,126,Live Streaming,false,general,False
2338,126,Analytics,true,analytics,True
2339,127,HD Video,true,general,True
2340,127,Screen Sharing,true,general,True
2341,127,Recording,true,general,True
2342,127,Virtual Backgrounds,true,general,True
2343,127,Breakout Rooms,true,general,True
2344,127,Chat,true,general,True
2345,127,Whiteboard,true,general,True
2346,127,Polls/Q&A,true,general,True
2347,127,Calendar Integration,true,integration,True
2348,127,API/SDK,true,integration,True
2349,127,Mobile App,true,mobile,True
2350,127,Webinar Mode,true,general,True
2351,127,Transcription,true,general,True
2352,127,Noise Cancellation,true,general,True
2353,127,End-to-End Encryption,true,security,True
2354,127,Waiting Room,true,ai,True
2355,127,Hand Raise,true,ai,True
2356,127,Live Streaming,true,general,True
2357,127,Analytics,true,analytics,True
2358,128,HD Video,true,general,True
2359,128,Screen Sharing,true,general,True
2360,128,Recording,true,general,True
2361,128,Virtual Backgrounds,false,general,False
2362,128,Breakout Rooms,false,general,False
2363,128,Chat,true,general,True
2364,128,Whiteboard,false,general,False
2365,128,Polls/Q&A,false,general,False
2366,128,Calendar Integration,true,integration,True
2367,128,API/SDK,true,integration,True
2368,128,Mobile App,true,mobile,True
2369,128,Webinar Mode,true,general,True
2370,128,Transcription,false,general,False
2371,128,Noise Cancellation,true,general,True
2372,128,End-to-End Encryption,true,security,True
2373,128,Waiting Room,true,ai,True
2374,128,Hand Raise,false,ai,False
2375,128,Live Streaming,false,general,False
2376,128,Analytics,true,analytics,True
2377,129,HD Video,true,general,True
2378,129,Screen Sharing,true,general,True
2379,129,Recording,true,general,True
2380,129,Virtual Backgrounds,false,general,False
2381,129,Breakout Rooms,false,general,False
2382,129,Chat,true,general,True
2383,129,Whiteboard,false,general,False
2384,129,Polls/Q&A,false,general,False
2385,129,Calendar Integration,false,integration,False
2386,129,API/SDK,false,integration,False
2387,129,Mobile App,false,mobile,False
2388,129,Webinar Mode,false,general,False
2389,129,Transcription,false,general,False
2390,129,Noise Cancellation,false,general,False
2391,129,End-to-End Encryption,false,security,False
2392,129,Waiting Room,false,ai,False
2393,129,Hand Raise,false,ai,False
2394,129,Live Streaming,false,general,False
2395,129,Analytics,false,analytics,False
2396,130,HD Video,true,general,True
2397,130,Screen Sharing,true,general,True
2398,130,Recording,true,general,True
2399,130,Virtual Backgrounds,true,general,True
2400,130,Breakout Rooms,false,general,False
2401,130,Chat,true,general,True
2402,130,Whiteboard,false,general,False
2403,130,Polls/Q&A,true,general,True
2404,130,Calendar Integration,true,integration,True
2405,130,API/SDK,true,integration,True
2406,130,Mobile App,false,mobile,False
2407,130,Webinar Mode,true,general,True
2408,130,Transcription,false,general,False
2409,130,Noise Cancellation,false,general,False
2410,130,End-to-End Encryption,false,security,False
2411,130,Waiting Room,true,ai,True
2412,130,Hand Raise,false,ai,False
2413,130,Live Streaming,true,general,True
2414,130,Analytics,true,analytics,True
2415,131,HD Video,true,general,True
2416,131,Screen Sharing,true,general,True
2417,131,Recording,true,general,True
2418,131,Virtual Backgrounds,false,general,False
2419,131,Breakout Rooms,false,general,False
2420,131,Chat,true,general,True
2421,131,Whiteboard,false,general,False
2422,131,Polls/Q&A,false,general,False
2423,131,Calendar Integration,false,integration,False
2424,131,API/SDK,true,integration,True
2425,131,Mobile App,true,mobile,True
2426,131,Webinar Mode,false,general,False
2427,131,Transcription,false,general,False
2428,131,Noise Cancellation,true,general,True
2429,131,End-to-End Encryption,true,security,True
2430,131,Waiting Room,false,ai,False
2431,131,Hand Raise,false,ai,False
2432,131,Live Streaming,false,general,False
2433,131,Analytics,false,analytics,False
2434,132,HD Video,true,general,True
2435,132,Screen Sharing,false,general,False
2436,132,Recording,true,general,True
2437,132,Virtual Backgrounds,false,general,False
2438,132,Breakout Rooms,false,general,False
2439,132,Chat,true,general,True
2440,132,Whiteboard,false,general,False
2441,132,Polls/Q&A,true,general,True
2442,132,Calendar Integration,false,integration,False
2443,132,API/SDK,false,integration,False
2444,132,Mobile App,true,mobile,True
2445,132,Webinar Mode,true,general,True
2446,132,Transcription,true,general,True
2447,132,Noise Cancellation,true,general,True
2448,132,End-to-End Encryption,false,security,False
2449,132,Waiting Room,false,ai,False
2450,132,Hand Raise,false,ai,False
2451,132,Live Streaming,true,general,True
2452,132,Analytics,true,analytics,True
2453,133,HD Video,true,general,True
2454,133,Screen Sharing,false,general,False
2455,133,Recording,true,general,True
2456,133,Virtual Backgrounds,true,general,True
2457,133,Breakout Rooms,true,general,True
2458,133,Chat,true,general,True
2459,133,Whiteboard,false,general,False
2460,133,Polls/Q&A,false,general,False
2461,133,Calendar Integration,false,integration,False
2462,133,API/SDK,true,integration,True
2463,133,Mobile App,true,mobile,True
2464,133,Webinar Mode,false,general,False
2465,133,Transcription,true,general,True
2466,133,Noise Cancellation,true,general,True
2467,133,End-to-End Encryption,true,security,True
2468,133,Waiting Room,false,ai,False
2469,133,Hand Raise,false,ai,False
2470,133,Live Streaming,true,general,True
2471,133,Analytics,true,analytics,True
2472,134,HD Video,true,general,True
2473,134,Screen Sharing,true,general,True
2474,134,Recording,true,general,True
2475,134,Virtual Backgrounds,true,general,True
2476,134,Breakout Rooms,false,general,False
2477,134,Chat,true,general,True
2478,134,Whiteboard,false,general,False
2479,134,Polls/Q&A,false,general,False
2480,134,Calendar Integration,true,integration,True
2481,134,API/SDK,false,integration,False
2482,134,Mobile App,true,mobile,True
2483,134,Webinar Mode,false,general,False
2484,134,Transcription,true,general,True
2485,134,Noise Cancellation,false,general,False
2486,134,End-to-End Encryption,true,security,True
2487,134,Waiting Room,false,ai,False
2488,134,Hand Raise,false,ai,False
2489,134,Live Streaming,false,general,False
2490,134,Analytics,false,analytics,False
2491,135,HD Video,true,general,True
2492,135,Screen Sharing,true,general,True
2493,135,Recording,true,general,True
2494,135,Virtual Backgrounds,true,general,True
2495,135,Breakout Rooms,false,general,False
2496,135,Chat,true,general,True
2497,135,Whiteboard,false,general,False
2498,135,Polls/Q&A,false,general,False
2499,135,Calendar Integration,true,integration,True
2500,135,API/SDK,true,integration,True
2501,135,Mobile App,true,mobile,True
2502,135,Webinar Mode,false,general,False
2503,135,Transcription,false,general,False
2504,135,Noise Cancellation,false,general,False
2505,135,End-to-End Encryption,true,security,True
2506,135,Waiting Room,false,ai,False
2507,135,Hand Raise,false,ai,False
2508,135,Live Streaming,false,general,False
2509,135,Analytics,false,analytics,False
2510,136,HD Video,true,general,True
2511,136,Screen Sharing,true,general,True
2512,136,Recording,true,general,True
2513,136,Virtual Backgrounds,true,general,True
2514,136,Breakout Rooms,false,general,False
2515,136,Chat,true,general,True
2516,136,Whiteboard,true,general,True
2517,136,Polls/Q&A,true,general,True
2518,136,Calendar Integration,false,integration,False
2519,136,API/SDK,false,integration,False
2520,136,Mobile App,false,mobile,False
2521,136,Webinar Mode,false,general,False
2522,136,Transcription,false,general,False
2523,136,Noise Cancellation,false,general,False
2524,136,End-to-End Encryption,true,security,True
2525,136,Waiting Room,false,ai,False
2526,136,Hand Raise,false,ai,False
2527,136,Live Streaming,false,general,False
2528,136,Analytics,false,analytics,False
2529,137,HD Video,true,general,True
2530,137,Screen Sharing,true,general,True
2531,137,Recording,true,general,True
2532,137,Virtual Backgrounds,false,general,False
2533,137,Breakout Rooms,false,general,False
2534,137,Chat,true,general,True
2535,137,Whiteboard,false,general,False
2536,137,Polls/Q&A,false,general,False
2537,137,Calendar Integration,true,integration,True
2538,137,API/SDK,true,integration,True
2539,137,Mobile App,true,mobile,True
2540,137,Webinar Mode,false,general,False
2541,137,Transcription,true,general,True
2542,137,Noise Cancellation,false,general,False
2543,137,End-to-End Encryption,false,security,False
2544,137,Waiting Room,false,ai,False
2545,137,Hand Raise,false,ai,False
2546,137,Live Streaming,false,general,False
2547,137,Analytics,true,analytics,True
2548,138,HD Video,true,general,True
2549,138,Screen Sharing,true,general,True
2550,138,Recording,true,general,True
2551,138,Virtual Backgrounds,false,general,False
2552,138,Breakout Rooms,false,general,False
2553,138,Chat,true,general,True
2554,138,Whiteboard,false,general,False
2555,138,Polls/Q&A,false,general,False
2556,138,Calendar Integration,true,integration,True
2557,138,API/SDK,true,integration,True
2558,138,Mobile App,true,mobile,True
2559,138,Webinar Mode,false,general,False
2560,138,Transcription,false,general,False
2561,138,Noise Cancellation,false,general,False
2562,138,End-to-End Encryption,true,security,True
2563,138,Waiting Room,false,ai,False
2564,138,Hand Raise,false,ai,False
2565,138,Live Streaming,false,general,False
2566,138,Analytics,true,analytics,True
2567,139,HD Video,true,general,True
2568,139,Screen Sharing,true,general,True
2569,139,Recording,true,general,True
2570,139,Virtual Backgrounds,false,general,False
2571,139,Breakout Rooms,false,general,False
2572,139,Chat,true,general,True
2573,139,Whiteboard,false,general,False
2574,139,Polls/Q&A,false,general,False
2575,139,Calendar Integration,true,integration,True
2576,139,API/SDK,true,integration,True
2577,139,Mobile App,true,mobile,True
2578,139,Webinar Mode,true,general,True
2579,139,Transcription,true,general,True
2580,139,Noise Cancellation,false,general,False
2581,139,End-to-End Encryption,false,security,False
2582,139,Waiting Room,false,ai,False
2583,139,Hand Raise,false,ai,False
2584,139,Live Streaming,false,general,False
2585,139,Analytics,true,analytics,True
2586,140,Contact Management,true,general,True
2587,140,Deal Pipeline,true,general,True
2588,140,Email Integration,true,integration,True
2589,140,Automation,true,ai,True
2590,140,Reporting/Analytics,true,analytics,True
2591,140,Lead Scoring,true,general,True
2592,140,API/Integrations,true,integration,True
2593,140,Mobile App,true,mobile,True
2594,140,Custom Fields,true,general,True
2595,140,Workflow Builder,true,general,True
2596,140,Email Templates,true,ai,True
2597,140,Call Tracking,false,general,False
2598,140,Social Media Integration,false,integration,False
2599,140,Territory Management,true,general,True
2600,140,Forecasting,true,general,True
2601,140,Web Forms,true,general,True
2602,140,Live Chat,false,general,False
2603,140,AI Features,true,ai,True
2604,141,Contact Management,true,general,True
2605,141,Deal Pipeline,true,general,True
2606,141,Email Integration,true,integration,True
2607,141,Automation,true,ai,True
2608,141,Reporting/Analytics,true,analytics,True
2609,141,Lead Scoring,false,general,False
2610,141,API/Integrations,true,integration,True
2611,141,Mobile App,true,mobile,True
2612,141,Custom Fields,false,general,False
2613,141,Workflow Builder,true,general,True
2614,141,Email Templates,true,ai,True
2615,141,Call Tracking,true,general,True
2616,141,Social Media Integration,false,integration,False
2617,141,Territory Management,false,general,False
2618,141,Forecasting,true,general,True
2619,141,Web Forms,false,general,False
2620,141,Live Chat,false,general,False
2621,141,AI Features,false,ai,False
2622,142,Managed Hosting,true,general,True
2623,142,Auto-Scaling,false,general,False
2624,142,CDN,true,general,True
2625,142,SSL,true,general,True
2626,142,Backups,true,export,True
2627,142,Staging Environment,false,general,False
2628,142,SSH Access,true,general,True
2629,142,Git Deploy,false,general,False
2630,142,Docker/Containers,false,ai,False
2631,142,Managed Database,false,general,False
2632,142,Object Storage,false,general,False
2633,142,Load Balancer,false,general,False
2634,142,Firewall,true,general,True
2635,142,DDoS Protection,true,general,True
2636,142,API,false,integration,False
2637,142,CLI Tools,false,general,False
2638,142,Free Tier,true,general,True
2639,142,24/7 Support,true,general,True
2640,142,Uptime SLA,true,general,True
2641,142,Multi-Region,true,general,True
2642,143,Drag & Drop Editor,false,general,False
2643,143,Custom Domains,true,ai,True
2644,143,SSL Certificate,true,general,True
2645,143,SEO Tools,true,general,True
2646,143,Blog,true,general,True
2647,143,E-commerce,true,general,True
2648,143,App/Plugin Store,true,mobile,True
2649,143,Custom Code,true,general,True
2650,143,Mobile Responsive,true,mobile,True
2651,143,Analytics,true,analytics,True
2652,143,Forms,true,general,True
2653,143,Membership/Login,true,collaboration,True
2654,143,API Access,true,integration,True
2655,143,Email Marketing,true,ai,True
2656,143,Templates,true,general,True
2657,143,CDN,true,general,True
2658,143,Multilingual,true,general,True
2659,143,Version History,false,general,False
2660,144,Drag & Drop Editor,true,general,True
2661,144,Custom Domains,true,ai,True
2662,144,SSL Certificate,true,general,True
2663,144,SEO Tools,true,general,True
2664,144,Blog,true,general,True
2665,144,E-commerce,false,general,False
2666,144,App/Plugin Store,false,mobile,False
2667,144,Custom Code,false,general,False
2668,144,Mobile Responsive,true,mobile,True
2669,144,Analytics,true,analytics,True
2670,144,Forms,true,general,True
2671,144,Membership/Login,true,collaboration,True
2672,144,API Access,false,integration,False
2673,144,Email Marketing,false,ai,False
2674,144,Templates,true,general,True
2675,144,CDN,true,general,True
2676,144,Multilingual,true,general,True
2677,144,Version History,false,general,False
2678,145,Drag & Drop Editor,true,general,True
2679,145,Custom Domains,true,ai,True
2680,145,SSL Certificate,true,general,True
2681,145,SEO Tools,false,general,False
2682,145,Blog,true,general,True
2683,145,E-commerce,true,general,True
2684,145,App/Plugin Store,false,mobile,False
2685,145,Custom Code,false,general,False
2686,145,Mobile Responsive,true,mobile,True
2687,145,Analytics,true,analytics,True
2688,145,Forms,true,general,True
2689,145,Membership/Login,true,collaboration,True
2690,145,API Access,true,integration,True
2691,145,Email Marketing,true,ai,True
2692,145,Templates,true,general,True
2693,145,CDN,true,general,True
2694,145,Multilingual,false,general,False
2695,145,Version History,false,general,False
2696,146,Email Builder (Drag & Drop),true,ai,True
2697,146,Automation Sequences,true,ai,True
2698,146,Segmentation,true,general,True
2699,146,A/B Testing,true,general,True
2700,146,Landing Pages,true,general,True
2701,146,Analytics/Reporting,true,analytics,True
2702,146,API/Integrations,true,integration,True
2703,146,Templates,true,general,True
2704,146,SMS Marketing,false,general,False
2705,146,Signup Forms,true,general,True
2706,146,Personalization,true,general,True
2707,146,RSS-to-Email,false,ai,False
2708,146,Transactional Email,true,ai,True
2709,146,Free Plan,true,general,True
2710,146,Deliverability Tools,true,general,True
2711,146,CRM Integration,false,integration,False
2712,146,E-commerce Integration,false,integration,False
2713,146,Dynamic Content,true,general,True
2714,147,Email Builder (Drag & Drop),true,ai,True
2715,147,Automation Sequences,true,ai,True
2716,147,Segmentation,true,general,True
2717,147,A/B Testing,true,general,True
2718,147,Landing Pages,false,general,False
2719,147,Analytics/Reporting,true,analytics,True
2720,147,API/Integrations,true,integration,True
2721,147,Templates,true,general,True
2722,147,SMS Marketing,true,general,True
2723,147,Signup Forms,true,general,True
2724,147,Personalization,true,general,True
2725,147,RSS-to-Email,false,ai,False
2726,147,Transactional Email,true,ai,True
2727,147,Free Plan,true,general,True
2728,147,Deliverability Tools,true,general,True
2729,147,CRM Integration,false,integration,False
2730,147,E-commerce Integration,true,integration,True
2731,147,Dynamic Content,true,general,True
2732,148,HD Video,true,general,True
2733,148,Screen Sharing,true,general,True
2734,148,Recording,true,general,True
2735,148,Virtual Backgrounds,true,general,True
2736,148,Breakout Rooms,false,general,False
2737,148,Chat,true,general,True
2738,148,Whiteboard,false,general,False
2739,148,Polls/Q&A,true,general,True
2740,148,Calendar Integration,false,integration,False
2741,148,API/SDK,false,integration,False
2742,148,Mobile App,false,mobile,False
2743,148,Webinar Mode,true,general,True
2744,148,Transcription,false,general,False
2745,148,Noise Cancellation,false,general,False
2746,148,End-to-End Encryption,false,security,False
2747,148,Waiting Room,false,ai,False
2748,148,Hand Raise,false,ai,False
2749,148,Live Streaming,false,general,False
2750,148,Analytics,true,analytics,True
2751,149,Vector Editing,false,general,False
2752,149,Raster Editing,true,general,True
2753,149,Prototyping,false,general,False
2754,149,Collaboration (Real-time),false,collaboration,False
2755,149,Components/Symbols,false,general,False
2756,149,Auto Layout,false,general,False
2757,149,Version History,false,general,False
2758,149,Export Formats,true,export,True
2759,149,Plugin System,true,general,True
2760,149,Templates,true,general,True
2761,149,Animation,true,general,True
2762,149,3D Design,false,general,False
2763,149,Developer Handoff,false,general,False
2764,149,Design System,false,general,False
2765,149,Asset Library,false,general,False
2766,149,Comments/Feedback,false,collaboration,False
2767,149,Cloud Storage,false,general,False
2768,149,Offline Mode,true,general,True
2769,150,Vector Editing,true,general,True
2770,150,Raster Editing,false,general,False
2771,150,Prototyping,false,general,False
2772,150,Collaboration (Real-time),false,collaboration,False
2773,150,Components/Symbols,true,general,True
2774,150,Auto Layout,false,general,False
2775,150,Version History,false,general,False
2776,150,Export Formats,true,export,True
2777,150,Plugin System,false,general,False
2778,150,Templates,true,general,True
2779,150,Animation,false,general,False
2780,150,3D Design,false,general,False
2781,150,Developer Handoff,false,general,False
2782,150,Design System,false,general,False
2783,150,Asset Library,false,general,False
2784,150,Comments/Feedback,false,collaboration,False
2785,150,Cloud Storage,false,general,False
2786,150,Offline Mode,false,general,False
2787,151,Text Generation,true,general,True
2788,151,Image Generation,true,general,True
2789,151,Video Generation,false,general,False
2790,151,Code Generation,true,general,True
2791,151,Voice/Speech,true,general,True
2792,151,API Access,false,integration,False
2793,151,Free Tier,true,general,True
2794,151,Browser Extension,false,general,False
2795,151,Mobile App,false,mobile,False
2796,151,Collaboration,false,collaboration,False
2797,151,Custom Training,false,ai,False
2798,151,Plugins/Extensions,false,general,False
2799,151,File Upload,true,general,True
2800,151,Web Search,true,general,True
2801,151,Analytics,false,analytics,False
2802,151,Automation/Workflows,false,ai,False
2803,151,Templates,false,general,False
2804,151,Multi-language,false,general,False
2805,151,Real-time,false,general,False
2806,151,Enterprise/Team Plans,false,collaboration,False
2807,152,Text Generation,true,general,True
2808,152,Image Generation,false,general,False
2809,152,Video Generation,false,general,False
2810,152,Code Generation,false,general,False
2811,152,Voice/Speech,false,general,False
2812,152,API Access,true,integration,True
2813,152,Free Tier,true,general,True
2814,152,Browser Extension,false,general,False
2815,152,Mobile App,false,mobile,False
2816,152,Collaboration,true,collaboration,True
2817,152,Custom Training,false,ai,False
2818,152,Plugins/Extensions,false,general,False
2819,152,File Upload,true,general,True
2820,152,Web Search,false,general,False
2821,152,Analytics,false,analytics,False
2822,152,Automation/Workflows,true,ai,True
2823,152,Templates,true,general,True
2824,152,Multi-language,true,general,True
2825,152,Real-time,true,general,True
2826,152,Enterprise/Team Plans,true,collaboration,True
2827,153,Text Generation,true,general,True
2828,153,Image Generation,false,general,False
2829,153,Video Generation,false,general,False
2830,153,Code Generation,false,general,False
2831,153,Voice/Speech,true,general,True
2832,153,API Access,true,integration,True
2833,153,Free Tier,true,general,True
2834,153,Browser Extension,false,general,False
2835,153,Mobile App,false,mobile,False
2836,153,Collaboration,true,collaboration,True
2837,153,Custom Training,false,ai,False
2838,153,Plugins/Extensions,false,general,False
2839,153,File Upload,true,general,True
2840,153,Web Search,true,general,True
2841,153,Analytics,true,analytics,True
2842,153,Automation/Workflows,true,ai,True
2843,153,Templates,true,general,True
2844,153,Multi-language,true,general,True
2845,153,Real-time,true,general,True
2846,153,Enterprise/Team Plans,true,collaboration,True
2847,154,Text Generation,true,general,True
2848,154,Image Generation,false,general,False
2849,154,Video Generation,false,general,False
2850,154,Code Generation,false,general,False
2851,154,Voice/Speech,false,general,False
2852,154,API Access,true,integration,True
2853,154,Free Tier,true,general,True
2854,154,Browser Extension,false,general,False
2855,154,Mobile App,false,mobile,False
2856,154,Collaboration,true,collaboration,True
2857,154,Custom Training,false,ai,False
2858,154,Plugins/Extensions,false,general,False
2859,154,File Upload,true,general,True
2860,154,Web Search,false,general,False
2861,154,Analytics,true,analytics,True
2862,154,Automation/Workflows,true,ai,True
2863,154,Templates,true,general,True
2864,154,Multi-language,true,general,True
2865,154,Real-time,true,general,True
2866,154,Enterprise/Team Plans,true,collaboration,True
2867,155,Text Generation,true,general,True
2868,155,Image Generation,false,general,False
2869,155,Video Generation,false,general,False
2870,155,Code Generation,false,general,False
2871,155,Voice/Speech,false,general,False
2872,155,API Access,true,integration,True
2873,155,Free Tier,true,general,True
2874,155,Browser Extension,false,general,False
2875,155,Mobile App,false,mobile,False
2876,155,Collaboration,true,collaboration,True
2877,155,Custom Training,false,ai,False
2878,155,Plugins/Extensions,false,general,False
2879,155,File Upload,false,general,False
2880,155,Web Search,false,general,False
2881,155,Analytics,true,analytics,True
2882,155,Automation/Workflows,true,ai,True
2883,155,Templates,true,general,True
2884,155,Multi-language,true,general,True
2885,155,Real-time,true,general,True
2886,155,Enterprise/Team Plans,true,collaboration,True
2887,156,Text Generation,false,general,False
2888,156,Image Generation,false,general,False
2889,156,Video Generation,false,general,False
2890,156,Code Generation,false,general,False
2891,156,Voice/Speech,false,general,False
2892,156,API Access,false,integration,False
2893,156,Free Tier,true,general,True
2894,156,Browser Extension,true,general,True
2895,156,Mobile App,true,mobile,True
2896,156,Collaboration,true,collaboration,True
2897,156,Custom Training,false,ai,False
2898,156,Plugins/Extensions,false,general,False
2899,156,File Upload,true,general,True
2900,156,Web Search,false,general,False
2901,156,Analytics,false,analytics,False
2902,156,Automation/Workflows,false,ai,False
2903,156,Templates,true,general,True
2904,156,Multi-language,true,general,True
2905,156,Real-time,true,general,True
2906,156,Enterprise/Team Plans,true,collaboration,True
2907,157,Password Generator,true,general,True
2908,157,Auto-fill,true,general,True
2909,157,Cross-platform Sync,true,general,True
2910,157,2FA/MFA,true,security,True
2911,157,Secure Sharing,true,general,True
2912,157,Dark Web Monitoring,false,general,False
2913,157,Encrypted Vault,true,security,True
2914,157,Browser Extension,true,general,True
2915,157,Mobile App,true,mobile,True
2916,157,Biometric Unlock,true,analytics,True
2917,157,Emergency Access,true,general,True
2918,157,Family/Team Plan,true,collaboration,True
2919,157,SSO Integration,true,integration,True
2920,157,Breach Alerts,true,general,True
2921,157,Password Health Score,true,general,True
2922,158,Password Generator,true,general,True
2923,158,Auto-fill,false,general,False
2924,158,Cross-platform Sync,true,general,True
2925,158,2FA/MFA,false,security,False
2926,158,Secure Sharing,true,general,True
2927,158,Dark Web Monitoring,false,general,False
2928,158,Encrypted Vault,true,security,True
2929,158,Browser Extension,true,general,True
2930,158,Mobile App,true,mobile,True
2931,158,Biometric Unlock,false,analytics,False
2932,158,Emergency Access,true,general,True
2933,158,Family/Team Plan,true,collaboration,True
2934,158,SSO Integration,true,integration,True
2935,158,Breach Alerts,false,general,False
2936,158,Password Health Score,false,general,False
2937,159,Password Generator,true,general,True
2938,159,Auto-fill,true,general,True
2939,159,Cross-platform Sync,true,general,True
2940,159,2FA/MFA,true,security,True
2941,159,Secure Sharing,true,general,True
2942,159,Dark Web Monitoring,true,general,True
2943,159,Encrypted Vault,true,security,True
2944,159,Browser Extension,true,general,True
2945,159,Mobile App,true,mobile,True
2946,159,Biometric Unlock,false,analytics,False
2947,159,Emergency Access,true,general,True
2948,159,Family/Team Plan,true,collaboration,True
2949,159,SSO Integration,true,integration,True
2950,159,Breach Alerts,true,general,True
2951,159,Password Health Score,true,general,True
2952,160,Password Generator,true,general,True
2953,160,Auto-fill,true,general,True
2954,160,Cross-platform Sync,true,general,True
2955,160,2FA/MFA,false,security,False
2956,160,Secure Sharing,false,general,False
2957,160,Dark Web Monitoring,true,general,True
2958,160,Encrypted Vault,true,security,True
2959,160,Browser Extension,true,general,True
2960,160,Mobile App,true,mobile,True
2961,160,Biometric Unlock,false,analytics,False
2962,160,Emergency Access,false,general,False
2963,160,Family/Team Plan,true,collaboration,True
2964,160,SSO Integration,false,integration,False
2965,160,Breach Alerts,true,general,True
2966,160,Password Health Score,true,general,True
2967,161,Password Generator,true,general,True
2968,161,Auto-fill,true,general,True
2969,161,Cross-platform Sync,true,general,True
2970,161,2FA/MFA,true,security,True
2971,161,Secure Sharing,true,general,True
2972,161,Dark Web Monitoring,true,general,True
2973,161,Encrypted Vault,true,security,True
2974,161,Browser Extension,true,general,True
2975,161,Mobile App,true,mobile,True
2976,161,Biometric Unlock,true,analytics,True
2977,161,Emergency Access,true,general,True
2978,161,Family/Team Plan,true,collaboration,True
2979,161,SSO Integration,false,integration,False
2980,161,Breach Alerts,true,general,True
2981,161,Password Health Score,true,general,True
2982,162,Kill Switch,true,general,True
2983,162,Split Tunneling,false,general,False
2984,162,No-Log Policy,true,general,True
2985,162,Multi-device,true,general,True
2986,162,Streaming Optimized,true,general,True
2987,162,P2P/Torrenting,true,general,True
2988,162,Ad Blocker,true,general,True
2989,162,Double VPN,true,general,True
2990,162,Dedicated IP,false,general,False
2991,162,24/7 Support,true,general,True
2992,162,Browser Extension,true,general,True
2993,162,Mobile App,true,mobile,True
2994,162,WireGuard Protocol,false,general,False
2995,162,Server Count 5000+,false,general,False
2996,162,Money-Back Guarantee,true,general,True
2997,163,Kill Switch,true,general,True
2998,163,Split Tunneling,true,general,True
2999,163,No-Log Policy,true,general,True
3000,163,Multi-device,true,general,True
3001,163,Streaming Optimized,true,general,True
3002,163,P2P/Torrenting,true,general,True
3003,163,Ad Blocker,true,general,True
3004,163,Double VPN,false,general,False
3005,163,Dedicated IP,true,general,True
3006,163,24/7 Support,true,general,True
3007,163,Browser Extension,true,general,True
3008,163,Mobile App,true,mobile,True
3009,163,WireGuard Protocol,false,general,False
3010,163,Server Count 5000+,true,general,True
3011,163,Money-Back Guarantee,true,general,True
3012,164,Kill Switch,true,general,True
3013,164,Split Tunneling,true,general,True
3014,164,No-Log Policy,false,general,False
3015,164,Multi-device,true,general,True
3016,164,Streaming Optimized,true,general,True
3017,164,P2P/Torrenting,true,general,True
3018,164,Ad Blocker,true,general,True
3019,164,Double VPN,true,general,True
3020,164,Dedicated IP,true,general,True
3021,164,24/7 Support,true,general,True
3022,164,Browser Extension,true,general,True
3023,164,Mobile App,true,mobile,True
3024,164,WireGuard Protocol,false,general,False
3025,164,Server Count 5000+,true,general,True
3026,164,Money-Back Guarantee,true,general,True
3027,165,Kill Switch,false,general,False
3028,165,Split Tunneling,false,general,False
3029,165,No-Log Policy,true,general,True
3030,165,Multi-device,true,general,True
3031,165,Streaming Optimized,true,general,True
3032,165,P2P/Torrenting,true,general,True
3033,165,Ad Blocker,true,general,True
3034,165,Double VPN,false,general,False
3035,165,Dedicated IP,false,general,False
3036,165,24/7 Support,true,general,True
3037,165,Browser Extension,true,general,True
3038,165,Mobile App,true,mobile,True
3039,165,WireGuard Protocol,false,general,False
3040,165,Server Count 5000+,true,general,True
3041,165,Money-Back Guarantee,true,general,True
3042,166,Kill Switch,false,general,False
3043,166,Split Tunneling,false,general,False
3044,166,No-Log Policy,true,general,True
3045,166,Multi-device,true,general,True
3046,166,Streaming Optimized,true,general,True
3047,166,P2P/Torrenting,true,general,True
3048,166,Ad Blocker,false,general,False
3049,166,Double VPN,false,general,False
3050,166,Dedicated IP,true,general,True
3051,166,24/7 Support,true,general,True
3052,166,Browser Extension,true,general,True
3053,166,Mobile App,true,mobile,True
3054,166,WireGuard Protocol,false,general,False
3055,166,Server Count 5000+,true,general,True
3056,166,Money-Back Guarantee,true,general,True
3057,167,Text Generation,false,general,False
3058,167,Image Generation,true,general,True
3059,167,Video Generation,false,general,False
3060,167,Code Generation,false,general,False
3061,167,Voice/Speech,false,general,False
3062,167,API Access,true,integration,True
3063,167,Free Tier,true,general,True
3064,167,Browser Extension,false,general,False
3065,167,Mobile App,false,mobile,False
3066,167,Collaboration,false,collaboration,False
3067,167,Custom Training,false,ai,False
3068,167,Plugins/Extensions,false,general,False
3069,167,File Upload,true,general,True
3070,167,Web Search,false,general,False
3071,167,Analytics,false,analytics,False
3072,167,Automation/Workflows,false,ai,False
3073,167,Templates,false,general,False
3074,167,Multi-language,false,general,False
3075,167,Real-time,false,general,False
3076,167,Enterprise/Team Plans,true,collaboration,True
3077,168,Text Generation,false,general,False
3078,168,Image Generation,true,general,True
3079,168,Video Generation,false,general,False
3080,168,Code Generation,false,general,False
3081,168,Voice/Speech,false,general,False
3082,168,API Access,true,integration,True
3083,168,Free Tier,true,general,True
3084,168,Browser Extension,false,general,False
3085,168,Mobile App,false,mobile,False
3086,168,Collaboration,false,collaboration,False
3087,168,Custom Training,false,ai,False
3088,168,Plugins/Extensions,false,general,False
3089,168,File Upload,false,general,False
3090,168,Web Search,false,general,False
3091,168,Analytics,false,analytics,False
3092,168,Automation/Workflows,false,ai,False
3093,168,Templates,false,general,False
3094,168,Multi-language,false,general,False
3095,168,Real-time,false,general,False
3096,168,Enterprise/Team Plans,true,collaboration,True
3097,169,Text Generation,false,general,False
3098,169,Image Generation,true,general,True
3099,169,Video Generation,true,general,True
3100,169,Code Generation,false,general,False
3101,169,Voice/Speech,false,general,False
3102,169,API Access,true,integration,True
3103,169,Free Tier,true,general,True
3104,169,Browser Extension,false,general,False
3105,169,Mobile App,false,mobile,False
3106,169,Collaboration,false,collaboration,False
3107,169,Custom Training,true,ai,True
3108,169,Plugins/Extensions,true,general,True
3109,169,File Upload,true,general,True
3110,169,Web Search,false,general,False
3111,169,Analytics,false,analytics,False
3112,169,Automation/Workflows,true,ai,True
3113,169,Templates,false,general,False
3114,169,Multi-language,false,general,False
3115,169,Real-time,false,general,False
3116,169,Enterprise/Team Plans,true,collaboration,True
3117,170,Text Generation,false,general,False
3118,170,Image Generation,true,general,True
3119,170,Video Generation,false,general,False
3120,170,Code Generation,false,general,False
3121,170,Voice/Speech,false,general,False
3122,170,API Access,true,integration,True
3123,170,Free Tier,true,general,True
3124,170,Browser Extension,false,general,False
3125,170,Mobile App,false,mobile,False
3126,170,Collaboration,false,collaboration,False
3127,170,Custom Training,false,ai,False
3128,170,Plugins/Extensions,false,general,False
3129,170,File Upload,true,general,True
3130,170,Web Search,false,general,False
3131,170,Analytics,false,analytics,False
3132,170,Automation/Workflows,false,ai,False
3133,170,Templates,false,general,False
3134,170,Multi-language,false,general,False
3135,170,Real-time,false,general,False
3136,170,Enterprise/Team Plans,true,collaboration,True
3137,171,Text Generation,false,general,False
3138,171,Image Generation,true,general,True
3139,171,Video Generation,true,general,True
3140,171,Code Generation,false,general,False
3141,171,Voice/Speech,false,general,False
3142,171,API Access,true,integration,True
3143,171,Free Tier,true,general,True
3144,171,Browser Extension,false,general,False
3145,171,Mobile App,false,mobile,False
3146,171,Collaboration,false,collaboration,False
3147,171,Custom Training,true,ai,True
3148,171,Plugins/Extensions,false,general,False
3149,171,File Upload,true,general,True
3150,171,Web Search,false,general,False
3151,171,Analytics,false,analytics,False
3152,171,Automation/Workflows,false,ai,False
3153,171,Templates,false,general,False
3154,171,Multi-language,false,general,False
3155,171,Real-time,false,general,False
3156,171,Enterprise/Team Plans,true,collaboration,True
3157,172,Text Generation,true,general,True
3158,172,Image Generation,false,general,False
3159,172,Video Generation,true,general,True
3160,172,Code Generation,false,general,False
3161,172,Voice/Speech,true,general,True
3162,172,API Access,true,integration,True
3163,172,Free Tier,true,general,True
3164,172,Browser Extension,false,general,False
3165,172,Mobile App,false,mobile,False
3166,172,Collaboration,true,collaboration,True
3167,172,Custom Training,true,ai,True
3168,172,Plugins/Extensions,false,general,False
3169,172,File Upload,true,general,True
3170,172,Web Search,false,general,False
3171,172,Analytics,true,analytics,True
3172,172,Automation/Workflows,false,ai,False
3173,172,Templates,true,general,True
3174,172,Multi-language,true,general,True
3175,172,Real-time,true,general,True
3176,172,Enterprise/Team Plans,true,collaboration,True
3177,173,Text Generation,false,general,False
3178,173,Image Generation,false,general,False
3179,173,Video Generation,true,general,True
3180,173,Code Generation,false,general,False
3181,173,Voice/Speech,true,general,True
3182,173,API Access,false,integration,False
3183,173,Free Tier,true,general,True
3184,173,Browser Extension,false,general,False
3185,173,Mobile App,false,mobile,False
3186,173,Collaboration,true,collaboration,True
3187,173,Custom Training,false,ai,False
3188,173,Plugins/Extensions,false,general,False
3189,173,File Upload,true,general,True
3190,173,Web Search,false,general,False
3191,173,Analytics,false,analytics,False
3192,173,Automation/Workflows,false,ai,False
3193,173,Templates,false,general,False
3194,173,Multi-language,true,general,True
3195,173,Real-time,true,general,True
3196,173,Enterprise/Team Plans,true,collaboration,True
3197,174,Text Generation,true,general,True
3198,174,Image Generation,true,general,True
3199,174,Video Generation,true,general,True
3200,174,Code Generation,false,general,False
3201,174,Voice/Speech,true,general,True
3202,174,API Access,true,integration,True
3203,174,Free Tier,true,general,True
3204,174,Browser Extension,false,general,False
3205,174,Mobile App,false,mobile,False
3206,174,Collaboration,true,collaboration,True
3207,174,Custom Training,false,ai,False
3208,174,Plugins/Extensions,false,general,False
3209,174,File Upload,true,general,True
3210,174,Web Search,false,general,False
3211,174,Analytics,true,analytics,True
3212,174,Automation/Workflows,true,ai,True
3213,174,Templates,true,general,True
3214,174,Multi-language,false,general,False
3215,174,Real-time,true,general,True
3216,174,Enterprise/Team Plans,true,collaboration,True
3217,175,Text Generation,false,general,False
3218,175,Image Generation,true,general,True
3219,175,Video Generation,true,general,True
3220,175,Code Generation,false,general,False
3221,175,Voice/Speech,true,general,True
3222,175,API Access,false,integration,False
3223,175,Free Tier,false,general,False
3224,175,Browser Extension,false,general,False
3225,175,Mobile App,false,mobile,False
3226,175,Collaboration,false,collaboration,False
3227,175,Custom Training,false,ai,False
3228,175,Plugins/Extensions,false,general,False
3229,175,File Upload,false,general,False
3230,175,Web Search,false,general,False
3231,175,Analytics,false,analytics,False
3232,175,Automation/Workflows,false,ai,False
3233,175,Templates,false,general,False
3234,175,Multi-language,false,general,False
3235,175,Real-time,true,general,True
3236,175,Enterprise/Team Plans,false,collaboration,False
3237,176,Text Generation,false,general,False
3238,176,Image Generation,false,general,False
3239,176,Video Generation,false,general,False
3240,176,Code Generation,true,general,True
3241,176,Voice/Speech,false,general,False
3242,176,API Access,false,integration,False
3243,176,Free Tier,true,general,True
3244,176,Browser Extension,false,general,False
3245,176,Mobile App,false,mobile,False
3246,176,Collaboration,true,collaboration,True
3247,176,Custom Training,false,ai,False
3248,176,Plugins/Extensions,false,general,False
3249,176,File Upload,false,general,False
3250,176,Web Search,false,general,False
3251,176,Analytics,false,analytics,False
3252,176,Automation/Workflows,false,ai,False
3253,176,Templates,false,general,False
3254,176,Multi-language,true,general,True
3255,176,Real-time,true,general,True
3256,176,Enterprise/Team Plans,true,collaboration,True
3257,177,Text Generation,false,general,False
3258,177,Image Generation,false,general,False
3259,177,Video Generation,false,general,False
3260,177,Code Generation,true,general,True
3261,177,Voice/Speech,false,general,False
3262,177,API Access,false,integration,False
3263,177,Free Tier,true,general,True
3264,177,Browser Extension,false,general,False
3265,177,Mobile App,true,mobile,True
3266,177,Collaboration,true,collaboration,True
3267,177,Custom Training,false,ai,False
3268,177,Plugins/Extensions,true,general,True
3269,177,File Upload,true,general,True
3270,177,Web Search,false,general,False
3271,177,Analytics,true,analytics,True
3272,177,Automation/Workflows,true,ai,True
3273,177,Templates,true,general,True
3274,177,Multi-language,true,general,True
3275,177,Real-time,true,general,True
3276,177,Enterprise/Team Plans,true,collaboration,True
3277,178,Text Generation,false,general,False
3278,178,Image Generation,false,general,False
3279,178,Video Generation,false,general,False
3280,178,Code Generation,true,general,True
3281,178,Voice/Speech,false,general,False
3282,178,API Access,false,integration,False
3283,178,Free Tier,true,general,True
3284,178,Browser Extension,false,general,False
3285,178,Mobile App,false,mobile,False
3286,178,Collaboration,false,collaboration,False
3287,178,Custom Training,false,ai,False
3288,178,Plugins/Extensions,true,general,True
3289,178,File Upload,false,general,False
3290,178,Web Search,false,general,False
3291,178,Analytics,false,analytics,False
3292,178,Automation/Workflows,false,ai,False
3293,178,Templates,false,general,False
3294,178,Multi-language,true,general,True
3295,178,Real-time,false,general,False
3296,178,Enterprise/Team Plans,true,collaboration,True
3297,179,Text Generation,true,general,True
3298,179,Image Generation,false,general,False
3299,179,Video Generation,false,general,False
3300,179,Code Generation,false,general,False
3301,179,Voice/Speech,true,general,True
3302,179,API Access,true,integration,True
3303,179,Free Tier,true,general,True
3304,179,Browser Extension,false,general,False
3305,179,Mobile App,false,mobile,False
3306,179,Collaboration,true,collaboration,True
3307,179,Custom Training,false,ai,False
3308,179,Plugins/Extensions,false,general,False
3309,179,File Upload,true,general,True
3310,179,Web Search,false,general,False
3311,179,Analytics,false,analytics,False
3312,179,Automation/Workflows,false,ai,False
3313,179,Templates,false,general,False
3314,179,Multi-language,true,general,True
3315,179,Real-time,true,general,True
3316,179,Enterprise/Team Plans,true,collaboration,True
3317,180,Text Generation,false,general,False
3318,180,Image Generation,false,general,False
3319,180,Video Generation,false,general,False
3320,180,Code Generation,false,general,False
3321,180,Voice/Speech,true,general,True
3322,180,API Access,true,integration,True
3323,180,Free Tier,true,general,True
3324,180,Browser Extension,false,general,False
3325,180,Mobile App,false,mobile,False
3326,180,Collaboration,true,collaboration,True
3327,180,Custom Training,false,ai,False
3328,180,Plugins/Extensions,true,general,True
3329,180,File Upload,true,general,True
3330,180,Web Search,false,general,False
3331,180,Analytics,false,analytics,False
3332,180,Automation/Workflows,false,ai,False
3333,180,Templates,false,general,False
3334,180,Multi-language,true,general,True
3335,180,Real-time,false,general,False
3336,180,Enterprise/Team Plans,true,collaboration,True
3337,181,Text Generation,false,general,False
3338,181,Image Generation,false,general,False
3339,181,Video Generation,false,general,False
3340,181,Code Generation,false,general,False
3341,181,Voice/Speech,true,general,True
3342,181,API Access,true,integration,True
3343,181,Free Tier,true,general,True
3344,181,Browser Extension,false,general,False
3345,181,Mobile App,false,mobile,False
3346,181,Collaboration,false,collaboration,False
3347,181,Custom Training,false,ai,False
3348,181,Plugins/Extensions,true,general,True
3349,181,File Upload,true,general,True
3350,181,Web Search,false,general,False
3351,181,Analytics,false,analytics,False
3352,181,Automation/Workflows,false,ai,False
3353,181,Templates,false,general,False
3354,181,Multi-language,true,general,True
3355,181,Real-time,false,general,False
3356,181,Enterprise/Team Plans,true,collaboration,True
3357,182,Text Generation,false,general,False
3358,182,Image Generation,false,general,False
3359,182,Video Generation,false,general,False
3360,182,Code Generation,true,general,True
3361,182,Voice/Speech,false,general,False
3362,182,API Access,true,integration,True
3363,182,Free Tier,true,general,True
3364,182,Browser Extension,false,general,False
3365,182,Mobile App,false,mobile,False
3366,182,Collaboration,true,collaboration,True
3367,182,Custom Training,false,ai,False
3368,182,Plugins/Extensions,true,general,True
3369,182,File Upload,true,general,True
3370,182,Web Search,true,general,True
3371,182,Analytics,false,analytics,False
3372,182,Automation/Workflows,true,ai,True
3373,182,Templates,true,general,True
3374,182,Multi-language,false,general,False
3375,182,Real-time,true,general,True
3376,182,Enterprise/Team Plans,true,collaboration,True
3377,183,Text Generation,true,general,True
3378,183,Image Generation,false,general,False
3379,183,Video Generation,false,general,False
3380,183,Code Generation,false,general,False
3381,183,Voice/Speech,false,general,False
3382,183,API Access,true,integration,True
3383,183,Free Tier,true,general,True
3384,183,Browser Extension,false,general,False
3385,183,Mobile App,true,mobile,True
3386,183,Collaboration,true,collaboration,True
3387,183,Custom Training,false,ai,False
3388,183,Plugins/Extensions,true,general,True
3389,183,File Upload,true,general,True
3390,183,Web Search,false,general,False
3391,183,Analytics,true,analytics,True
3392,183,Automation/Workflows,true,ai,True
3393,183,Templates,true,general,True
3394,183,Multi-language,true,general,True
3395,183,Real-time,true,general,True
3396,183,Enterprise/Team Plans,true,collaboration,True
3397,184,Text Generation,true,general,True
3398,184,Image Generation,false,general,False
3399,184,Video Generation,false,general,False
3400,184,Code Generation,false,general,False
3401,184,Voice/Speech,false,general,False
3402,184,API Access,true,integration,True
3403,184,Free Tier,true,general,True
3404,184,Browser Extension,false,general,False
3405,184,Mobile App,false,mobile,False
3406,184,Collaboration,false,collaboration,False
3407,184,Custom Training,false,ai,False
3408,184,Plugins/Extensions,false,general,False
3409,184,File Upload,false,general,False
3410,184,Web Search,true,general,True
3411,184,Analytics,false,analytics,False
3412,184,Automation/Workflows,false,ai,False
3413,184,Templates,false,general,False
3414,184,Multi-language,true,general,True
3415,184,Real-time,true,general,True
3416,184,Enterprise/Team Plans,true,collaboration,True
3417,185,Text Generation,true,general,True
3418,185,Image Generation,true,general,True
3419,185,Video Generation,false,general,False
3420,185,Code Generation,false,general,False
3421,185,Voice/Speech,true,general,True
3422,185,API Access,true,integration,True
3423,185,Free Tier,true,general,True
3424,185,Browser Extension,false,general,False
3425,185,Mobile App,false,mobile,False
3426,185,Collaboration,false,collaboration,False
3427,185,Custom Training,true,ai,True
3428,185,Plugins/Extensions,false,general,False
3429,185,File Upload,false,general,False
3430,185,Web Search,false,general,False
3431,185,Analytics,false,analytics,False
3432,185,Automation/Workflows,false,ai,False
3433,185,Templates,false,general,False
3434,185,Multi-language,false,general,False
3435,185,Real-time,false,general,False
3436,185,Enterprise/Team Plans,true,collaboration,True
3437,186,Text Generation,true,general,True
3438,186,Image Generation,true,general,True
3439,186,Video Generation,true,general,True
3440,186,Code Generation,true,general,True
3441,186,Voice/Speech,true,general,True
3442,186,API Access,true,integration,True
3443,186,Free Tier,true,general,True
3444,186,Browser Extension,false,general,False
3445,186,Mobile App,false,mobile,False
3446,186,Collaboration,false,collaboration,False
3447,186,Custom Training,true,ai,True
3448,186,Plugins/Extensions,false,general,False
3449,186,File Upload,false,general,False
3450,186,Web Search,false,general,False
3451,186,Analytics,false,analytics,False
3452,186,Automation/Workflows,false,ai,False
3453,186,Templates,false,general,False
3454,186,Multi-language,true,general,True
3455,186,Real-time,true,general,True
3456,186,Enterprise/Team Plans,true,collaboration,True
3457,187,Text Generation,true,general,True
3458,187,Image Generation,true,general,True
3459,187,Video Generation,true,general,True
3460,187,Code Generation,false,general,False
3461,187,Voice/Speech,false,general,False
3462,187,API Access,true,integration,True
3463,187,Free Tier,true,general,True
3464,187,Browser Extension,false,general,False
3465,187,Mobile App,false,mobile,False
3466,187,Collaboration,false,collaboration,False
3467,187,Custom Training,true,ai,True
3468,187,Plugins/Extensions,false,general,False
3469,187,File Upload,false,general,False
3470,187,Web Search,false,general,False
3471,187,Analytics,false,analytics,False
3472,187,Automation/Workflows,false,ai,False
3473,187,Templates,false,general,False
3474,187,Multi-language,false,general,False
3475,187,Real-time,true,general,True
3476,187,Enterprise/Team Plans,true,collaboration,True
3477,188,Text Generation,true,general,True
3478,188,Image Generation,false,general,False
3479,188,Video Generation,false,general,False
3480,188,Code Generation,false,general,False
3481,188,Voice/Speech,false,general,False
3482,188,API Access,true,integration,True
3483,188,Free Tier,true,general,True
3484,188,Browser Extension,false,general,False
3485,188,Mobile App,false,mobile,False
3486,188,Collaboration,false,collaboration,False
3487,188,Custom Training,false,ai,False
3488,188,Plugins/Extensions,false,general,False
3489,188,File Upload,true,general,True
3490,188,Web Search,true,general,True
3491,188,Analytics,false,analytics,False
3492,188,Automation/Workflows,false,ai,False
3493,188,Templates,true,general,True
3494,188,Multi-language,true,general,True
3495,188,Real-time,true,general,True
3496,188,Enterprise/Team Plans,true,collaboration,True
3497,189,Text Generation,true,general,True
3498,189,Image Generation,false,general,False
3499,189,Video Generation,false,general,False
3500,189,Code Generation,false,general,False
3501,189,Voice/Speech,false,general,False
3502,189,API Access,false,integration,False
3503,189,Free Tier,true,general,True
3504,189,Browser Extension,false,general,False
3505,189,Mobile App,false,mobile,False
3506,189,Collaboration,true,collaboration,True
3507,189,Custom Training,false,ai,False
3508,189,Plugins/Extensions,false,general,False
3509,189,File Upload,true,general,True
3510,189,Web Search,true,general,True
3511,189,Analytics,true,analytics,True
3512,189,Automation/Workflows,true,ai,True
3513,189,Templates,true,general,True
3514,189,Multi-language,true,general,True
3515,189,Real-time,true,general,True
3516,189,Enterprise/Team Plans,true,collaboration,True
3517,190,Text Generation,true,general,True
3518,190,Image Generation,false,general,False
3519,190,Video Generation,false,general,False
3520,190,Code Generation,false,general,False
3521,190,Voice/Speech,false,general,False
3522,190,API Access,true,integration,True
3523,190,Free Tier,true,general,True
3524,190,Browser Extension,true,general,True
3525,190,Mobile App,false,mobile,False
3526,190,Collaboration,false,collaboration,False
3527,190,Custom Training,false,ai,False
3528,190,Plugins/Extensions,false,general,False
3529,190,File Upload,false,general,False
3530,190,Web Search,false,general,False
3531,190,Analytics,false,analytics,False
3532,190,Automation/Workflows,false,ai,False
3533,190,Templates,true,general,True
3534,190,Multi-language,true,general,True
3535,190,Real-time,false,general,False
3536,190,Enterprise/Team Plans,true,collaboration,True
3537,191,Text Generation,true,general,True
3538,191,Image Generation,false,general,False
3539,191,Video Generation,false,general,False
3540,191,Code Generation,false,general,False
3541,191,Voice/Speech,false,general,False
3542,191,API Access,false,integration,False
3543,191,Free Tier,true,general,True
3544,191,Browser Extension,false,general,False
3545,191,Mobile App,false,mobile,False
3546,191,Collaboration,false,collaboration,False
3547,191,Custom Training,false,ai,False
3548,191,Plugins/Extensions,false,general,False
3549,191,File Upload,false,general,False
3550,191,Web Search,false,general,False
3551,191,Analytics,false,analytics,False
3552,191,Automation/Workflows,false,ai,False
3553,191,Templates,false,general,False
3554,191,Multi-language,true,general,True
3555,191,Real-time,true,general,True
3556,191,Enterprise/Team Plans,true,collaboration,True
3557,192,Text Generation,true,general,True
3558,192,Image Generation,true,general,True
3559,192,Video Generation,false,general,False
3560,192,Code Generation,false,general,False
3561,192,Voice/Speech,false,general,False
3562,192,API Access,false,integration,False
3563,192,Free Tier,true,general,True
3564,192,Browser Extension,true,general,True
3565,192,Mobile App,false,mobile,False
3566,192,Collaboration,false,collaboration,False
3567,192,Custom Training,false,ai,False
3568,192,Plugins/Extensions,false,general,False
3569,192,File Upload,true,general,True
3570,192,Web Search,false,general,False
3571,192,Analytics,false,analytics,False
3572,192,Automation/Workflows,false,ai,False
3573,192,Templates,false,general,False
3574,192,Multi-language,true,general,True
3575,192,Real-time,true,general,True
3576,192,Enterprise/Team Plans,true,collaboration,True
3577,193,Text Generation,true,general,True
3578,193,Image Generation,false,general,False
3579,193,Video Generation,false,general,False
3580,193,Code Generation,false,general,False
3581,193,Voice/Speech,false,general,False
3582,193,API Access,false,integration,False
3583,193,Free Tier,true,general,True
3584,193,Browser Extension,false,general,False
3585,193,Mobile App,false,mobile,False
3586,193,Collaboration,false,collaboration,False
3587,193,Custom Training,false,ai,False
3588,193,Plugins/Extensions,false,general,False
3589,193,File Upload,false,general,False
3590,193,Web Search,false,general,False
3591,193,Analytics,false,analytics,False
3592,193,Automation/Workflows,false,ai,False
3593,193,Templates,true,general,True
3594,193,Multi-language,true,general,True
3595,193,Real-time,true,general,True
3596,193,Enterprise/Team Plans,true,collaboration,True
3597,194,Text Generation,false,general,False
3598,194,Image Generation,false,general,False
3599,194,Video Generation,false,general,False
3600,194,Code Generation,false,general,False
3601,194,Voice/Speech,false,general,False
3602,194,API Access,false,integration,False
3603,194,Free Tier,true,general,True
3604,194,Browser Extension,false,general,False
3605,194,Mobile App,false,mobile,False
3606,194,Collaboration,false,collaboration,False
3607,194,Custom Training,false,ai,False
3608,194,Plugins/Extensions,false,general,False
3609,194,File Upload,true,general,True
3610,194,Web Search,false,general,False
3611,194,Analytics,false,analytics,False
3612,194,Automation/Workflows,false,ai,False
3613,194,Templates,false,general,False
3614,194,Multi-language,false,general,False
3615,194,Real-time,true,general,True
3616,194,Enterprise/Team Plans,true,collaboration,True
3617,195,Text Generation,true,general,True
3618,195,Image Generation,false,general,False
3619,195,Video Generation,false,general,False
3620,195,Code Generation,false,general,False
3621,195,Voice/Speech,false,general,False
3622,195,API Access,true,integration,True
3623,195,Free Tier,false,general,False
3624,195,Browser Extension,false,general,False
3625,195,Mobile App,false,mobile,False
3626,195,Collaboration,true,collaboration,True
3627,195,Custom Training,false,ai,False
3628,195,Plugins/Extensions,false,general,False
3629,195,File Upload,true,general,True
3630,195,Web Search,true,general,True
3631,195,Analytics,true,analytics,True
3632,195,Automation/Workflows,true,ai,True
3633,195,Templates,true,general,True
3634,195,Multi-language,true,general,True
3635,195,Real-time,true,general,True
3636,195,Enterprise/Team Plans,true,collaboration,True
3637,196,Text Generation,true,general,True
3638,196,Image Generation,false,general,False
3639,196,Video Generation,false,general,False
3640,196,Code Generation,false,general,False
3641,196,Voice/Speech,false,general,False
3642,196,API Access,true,integration,True
3643,196,Free Tier,true,general,True
3644,196,Browser Extension,false,general,False
3645,196,Mobile App,false,mobile,False
3646,196,Collaboration,false,collaboration,False
3647,196,Custom Training,true,ai,True
3648,196,Plugins/Extensions,false,general,False
3649,196,File Upload,false,general,False
3650,196,Web Search,false,general,False
3651,196,Analytics,false,analytics,False
3652,196,Automation/Workflows,false,ai,False
3653,196,Templates,false,general,False
3654,196,Multi-language,true,general,True
3655,196,Real-time,false,general,False
3656,196,Enterprise/Team Plans,true,collaboration,True
3657,197,Text Generation,true,general,True
3658,197,Image Generation,true,general,True
3659,197,Video Generation,false,general,False
3660,197,Code Generation,false,general,False
3661,197,Voice/Speech,false,general,False
3662,197,API Access,true,integration,True
3663,197,Free Tier,true,general,True
3664,197,Browser Extension,false,general,False
3665,197,Mobile App,true,mobile,True
3666,197,Collaboration,true,collaboration,True
3667,197,Custom Training,false,ai,False
3668,197,Plugins/Extensions,false,general,False
3669,197,File Upload,true,general,True
3670,197,Web Search,false,general,False
3671,197,Analytics,false,analytics,False
3672,197,Automation/Workflows,false,ai,False
3673,197,Templates,true,general,True
3674,197,Multi-language,true,general,True
3675,197,Real-time,true,general,True
3676,197,Enterprise/Team Plans,true,collaboration,True
3677,198,Text Generation,true,general,True
3678,198,Image Generation,true,general,True
3679,198,Video Generation,false,general,False
3680,198,Code Generation,false,general,False
3681,198,Voice/Speech,false,general,False
3682,198,API Access,true,integration,True
3683,198,Free Tier,true,general,True
3684,198,Browser Extension,false,general,False
3685,198,Mobile App,false,mobile,False
3686,198,Collaboration,false,collaboration,False
3687,198,Custom Training,false,ai,False
3688,198,Plugins/Extensions,false,general,False
3689,198,File Upload,true,general,True
3690,198,Web Search,false,general,False
3691,198,Analytics,false,analytics,False
3692,198,Automation/Workflows,false,ai,False
3693,198,Templates,false,general,False
3694,198,Multi-language,false,general,False
3695,198,Real-time,false,general,False
3696,198,Enterprise/Team Plans,true,collaboration,True
3697,199,Text Generation,true,general,True
3698,199,Image Generation,false,general,False
3699,199,Video Generation,true,general,True
3700,199,Code Generation,false,general,False
3701,199,Voice/Speech,false,general,False
3702,199,API Access,true,integration,True
3703,199,Free Tier,true,general,True
3704,199,Browser Extension,false,general,False
3705,199,Mobile App,false,mobile,False
3706,199,Collaboration,false,collaboration,False
3707,199,Custom Training,false,ai,False
3708,199,Plugins/Extensions,false,general,False
3709,199,File Upload,true,general,True
3710,199,Web Search,false,general,False
3711,199,Analytics,false,analytics,False
3712,199,Automation/Workflows,false,ai,False
3713,199,Templates,false,general,False
3714,199,Multi-language,false,general,False
3715,199,Real-time,false,general,False
3716,199,Enterprise/Team Plans,false,collaboration,False
3717,200,Text Generation,true,general,True
3718,200,Image Generation,true,general,True
3719,200,Video Generation,true,general,True
3720,200,Code Generation,false,general,False
3721,200,Voice/Speech,true,general,True
3722,200,API Access,true,integration,True
3723,200,Free Tier,true,general,True
3724,200,Browser Extension,false,general,False
3725,200,Mobile App,false,mobile,False
3726,200,Collaboration,true,collaboration,True
3727,200,Custom Training,true,ai,True
3728,200,Plugins/Extensions,false,general,False
3729,200,File Upload,true,general,True
3730,200,Web Search,false,general,False
3731,200,Analytics,true,analytics,True
3732,200,Automation/Workflows,false,ai,False
3733,200,Templates,false,general,False
3734,200,Multi-language,false,general,False
3735,200,Real-time,false,general,False
3736,200,Enterprise/Team Plans,true,collaboration,True
3737,201,Text Generation,false,general,False
3738,201,Image Generation,true,general,True
3739,201,Video Generation,true,general,True
3740,201,Code Generation,false,general,False
3741,201,Voice/Speech,false,general,False
3742,201,API Access,true,integration,True
3743,201,Free Tier,true,general,True
3744,201,Browser Extension,false,general,False
3745,201,Mobile App,true,mobile,True
3746,201,Collaboration,false,collaboration,False
3747,201,Custom Training,false,ai,False
3748,201,Plugins/Extensions,false,general,False
3749,201,File Upload,true,general,True
3750,201,Web Search,false,general,False
3751,201,Analytics,false,analytics,False
3752,201,Automation/Workflows,false,ai,False
3753,201,Templates,false,general,False
3754,201,Multi-language,false,general,False
3755,201,Real-time,false,general,False
3756,201,Enterprise/Team Plans,true,collaboration,True
3757,202,Text Generation,false,general,False
3758,202,Image Generation,false,general,False
3759,202,Video Generation,false,general,False
3760,202,Code Generation,false,general,False
3761,202,Voice/Speech,false,general,False
3762,202,API Access,false,integration,False
3763,202,Free Tier,true,general,True
3764,202,Browser Extension,false,general,False
3765,202,Mobile App,true,mobile,True
3766,202,Collaboration,false,collaboration,False
3767,202,Custom Training,false,ai,False
3768,202,Plugins/Extensions,true,general,True
3769,202,File Upload,true,general,True
3770,202,Web Search,false,general,False
3771,202,Analytics,false,analytics,False
3772,202,Automation/Workflows,false,ai,False
3773,202,Templates,false,general,False
3774,202,Multi-language,true,general,True
3775,202,Real-time,false,general,False
3776,202,Enterprise/Team Plans,true,collaboration,True
3777,203,Text Generation,false,general,False
3778,203,Image Generation,true,general,True
3779,203,Video Generation,true,general,True
3780,203,Code Generation,false,general,False
3781,203,Voice/Speech,false,general,False
3782,203,API Access,true,integration,True
3783,203,Free Tier,true,general,True
3784,203,Browser Extension,true,general,True
3785,203,Mobile App,true,mobile,True
3786,203,Collaboration,false,collaboration,False
3787,203,Custom Training,false,ai,False
3788,203,Plugins/Extensions,false,general,False
3789,203,File Upload,true,general,True
3790,203,Web Search,false,general,False
3791,203,Analytics,false,analytics,False
3792,203,Automation/Workflows,true,ai,True
3793,203,Templates,true,general,True
3794,203,Multi-language,false,general,False
3795,203,Real-time,true,general,True
3796,203,Enterprise/Team Plans,true,collaboration,True
3797,204,Text Generation,false,general,False
3798,204,Image Generation,false,general,False
3799,204,Video Generation,false,general,False
3800,204,Code Generation,true,general,True
3801,204,Voice/Speech,false,general,False
3802,204,API Access,true,integration,True
3803,204,Free Tier,true,general,True
3804,204,Browser Extension,true,general,True
3805,204,Mobile App,false,mobile,False
3806,204,Collaboration,true,collaboration,True
3807,204,Custom Training,false,ai,False
3808,204,Plugins/Extensions,true,general,True
3809,204,File Upload,false,general,False
3810,204,Web Search,false,general,False
3811,204,Analytics,true,analytics,True
3812,204,Automation/Workflows,false,ai,False
3813,204,Templates,false,general,False
3814,204,Multi-language,true,general,True
3815,204,Real-time,true,general,True
3816,204,Enterprise/Team Plans,true,collaboration,True
3817,205,Text Generation,true,general,True
3818,205,Image Generation,false,general,False
3819,205,Video Generation,false,general,False
3820,205,Code Generation,true,general,True
3821,205,Voice/Speech,false,general,False
3822,205,API Access,false,integration,False
3823,205,Free Tier,true,general,True
3824,205,Browser Extension,false,general,False
3825,205,Mobile App,true,mobile,True
3826,205,Collaboration,true,collaboration,True
3827,205,Custom Training,false,ai,False
3828,205,Plugins/Extensions,false,general,False
3829,205,File Upload,true,general,True
3830,205,Web Search,false,general,False
3831,205,Analytics,false,analytics,False
3832,205,Automation/Workflows,false,ai,False
3833,205,Templates,true,general,True
3834,205,Multi-language,true,general,True
3835,205,Real-time,true,general,True
3836,205,Enterprise/Team Plans,true,collaboration,True
3837,206,Text Generation,true,general,True
3838,206,Image Generation,false,general,False
3839,206,Video Generation,false,general,False
3840,206,Code Generation,true,general,True
3841,206,Voice/Speech,false,general,False
3842,206,API Access,true,integration,True
3843,206,Free Tier,true,general,True
3844,206,Browser Extension,false,general,False
3845,206,Mobile App,false,mobile,False
3846,206,Collaboration,true,collaboration,True
3847,206,Custom Training,false,ai,False
3848,206,Plugins/Extensions,false,general,False
3849,206,File Upload,true,general,True
3850,206,Web Search,false,general,False
3851,206,Analytics,false,analytics,False
3852,206,Automation/Workflows,false,ai,False
3853,206,Templates,false,general,False
3854,206,Multi-language,false,general,False
3855,206,Real-time,true,general,True
3856,206,Enterprise/Team Plans,true,collaboration,True
3857,207,Text Generation,true,general,True
3858,207,Image Generation,false,general,False
3859,207,Video Generation,false,general,False
3860,207,Code Generation,true,general,True
3861,207,Voice/Speech,false,general,False
3862,207,API Access,false,integration,False
3863,207,Free Tier,true,general,True
3864,207,Browser Extension,false,general,False
3865,207,Mobile App,false,mobile,False
3866,207,Collaboration,true,collaboration,True
3867,207,Custom Training,false,ai,False
3868,207,Plugins/Extensions,false,general,False
3869,207,File Upload,false,general,False
3870,207,Web Search,false,general,False
3871,207,Analytics,false,analytics,False
3872,207,Automation/Workflows,false,ai,False
3873,207,Templates,true,general,True
3874,207,Multi-language,false,general,False
3875,207,Real-time,false,general,False
3876,207,Enterprise/Team Plans,true,collaboration,True
3877,208,Code Generation,true,general,True
3878,208,Text Generation,false,general,False
3879,208,Image Generation,false,general,False
3880,208,Video Generation,false,general,False
3881,208,Voice/Speech,false,general,False
3882,208,API Access,false,integration,False
3883,208,Free Tier,true,general,True
3884,208,Browser Extension,true,general,True
3885,208,Mobile App,false,mobile,False
3886,208,Collaboration,false,collaboration,False
3887,208,Custom Training,false,ai,False
3888,208,Plugins/Extensions,true,general,True
3889,208,File Upload,false,general,False
3890,208,Web Search,false,general,False
3891,208,Analytics,false,analytics,False
3892,208,Automation/Workflows,false,ai,False
3893,208,Templates,false,general,False
3894,208,Multi-language,false,general,False
3895,208,Real-time,false,general,False
3896,208,Enterprise/Team Plans,true,collaboration,True
3897,209,Text Generation,false,general,False
3898,209,Image Generation,false,general,False
3899,209,Video Generation,false,general,False
3900,209,Code Generation,true,general,True
3901,209,Voice/Speech,false,general,False
3902,209,API Access,true,integration,True
3903,209,Free Tier,true,general,True
3904,209,Browser Extension,false,general,False
3905,209,Mobile App,false,mobile,False
3906,209,Collaboration,false,collaboration,False
3907,209,Custom Training,false,ai,False
3908,209,Plugins/Extensions,false,general,False
3909,209,File Upload,false,general,False
3910,209,Web Search,true,general,True
3911,209,Analytics,false,analytics,False
3912,209,Automation/Workflows,false,ai,False
3913,209,Templates,false,general,False
3914,209,Multi-language,true,general,True
3915,209,Real-time,true,general,True
3916,209,Enterprise/Team Plans,true,collaboration,True
3917,210,Text Generation,true,general,True
3918,210,Image Generation,false,general,False
3919,210,Video Generation,false,general,False
3920,210,Code Generation,false,general,False
3921,210,Voice/Speech,false,general,False
3922,210,API Access,true,integration,True
3923,210,Free Tier,true,general,True
3924,210,Browser Extension,false,general,False
3925,210,Mobile App,false,mobile,False
3926,210,Collaboration,false,collaboration,False
3927,210,Custom Training,false,ai,False
3928,210,Plugins/Extensions,false,general,False
3929,210,File Upload,false,general,False
3930,210,Web Search,false,general,False
3931,210,Analytics,false,analytics,False
3932,210,Automation/Workflows,true,ai,True
3933,210,Templates,false,general,False
3934,210,Multi-language,false,general,False
3935,210,Real-time,false,general,False
3936,210,Enterprise/Team Plans,true,collaboration,True
3937,211,Text Generation,true,general,True
3938,211,Image Generation,false,general,False
3939,211,Video Generation,false,general,False
3940,211,Code Generation,false,general,False
3941,211,Voice/Speech,true,general,True
3942,211,API Access,false,integration,False
3943,211,Free Tier,true,general,True
3944,211,Browser Extension,false,general,False
3945,211,Mobile App,false,mobile,False
3946,211,Collaboration,false,collaboration,False
3947,211,Custom Training,false,ai,False
3948,211,Plugins/Extensions,false,general,False
3949,211,File Upload,false,general,False
3950,211,Web Search,false,general,False
3951,211,Analytics,false,analytics,False
3952,211,Automation/Workflows,false,ai,False
3953,211,Templates,false,general,False
3954,211,Multi-language,false,general,False
3955,211,Real-time,true,general,True
3956,211,Enterprise/Team Plans,true,collaboration,True
3957,212,Text Generation,true,general,True
3958,212,Image Generation,false,general,False
3959,212,Video Generation,false,general,False
3960,212,Code Generation,true,general,True
3961,212,Voice/Speech,false,general,False
3962,212,API Access,true,integration,True
3963,212,Free Tier,true,general,True
3964,212,Browser Extension,true,general,True
3965,212,Mobile App,false,mobile,False
3966,212,Collaboration,true,collaboration,True
3967,212,Custom Training,false,ai,False
3968,212,Plugins/Extensions,true,general,True
3969,212,File Upload,false,general,False
3970,212,Web Search,false,general,False
3971,212,Analytics,false,analytics,False
3972,212,Automation/Workflows,false,ai,False
3973,212,Templates,false,general,False
3974,212,Multi-language,false,general,False
3975,212,Real-time,true,general,True
3976,212,Enterprise/Team Plans,true,collaboration,True
3977,213,Text Generation,true,general,True
3978,213,Image Generation,false,general,False
3979,213,Video Generation,false,general,False
3980,213,Code Generation,true,general,True
3981,213,Voice/Speech,false,general,False
3982,213,API Access,true,integration,True
3983,213,Free Tier,true,general,True
3984,213,Browser Extension,false,general,False
3985,213,Mobile App,false,mobile,False
3986,213,Collaboration,false,collaboration,False
3987,213,Custom Training,false,ai,False
3988,213,Plugins/Extensions,false,general,False
3989,213,File Upload,false,general,False
3990,213,Web Search,false,general,False
3991,213,Analytics,false,analytics,False
3992,213,Automation/Workflows,false,ai,False
3993,213,Templates,false,general,False
3994,213,Multi-language,true,general,True
3995,213,Real-time,true,general,True
3996,213,Enterprise/Team Plans,false,collaboration,False
3997,214,Text Generation,true,general,True
3998,214,Image Generation,true,general,True
3999,214,Video Generation,false,general,False
4000,214,Code Generation,true,general,True
4001,214,Voice/Speech,false,general,False
4002,214,API Access,true,integration,True
4003,214,Free Tier,true,general,True
4004,214,Browser Extension,false,general,False
4005,214,Mobile App,false,mobile,False
4006,214,Collaboration,true,collaboration,True
4007,214,Custom Training,false,ai,False
4008,214,Plugins/Extensions,false,general,False
4009,214,File Upload,true,general,True
4010,214,Web Search,true,general,True
4011,214,Analytics,false,analytics,False
4012,214,Automation/Workflows,false,ai,False
4013,214,Templates,true,general,True
4014,214,Multi-language,true,general,True
4015,214,Real-time,true,general,True
4016,214,Enterprise/Team Plans,true,collaboration,True
4017,215,Text Generation,true,general,True
4018,215,Image Generation,false,general,False
4019,215,Video Generation,false,general,False
4020,215,Code Generation,false,general,False
4021,215,Voice/Speech,false,general,False
4022,215,API Access,true,integration,True
4023,215,Free Tier,false,general,False
4024,215,Browser Extension,false,general,False
4025,215,Mobile App,false,mobile,False
4026,215,Collaboration,true,collaboration,True
4027,215,Custom Training,true,ai,True
4028,215,Plugins/Extensions,false,general,False
4029,215,File Upload,false,general,False
4030,215,Web Search,true,general,True
4031,215,Analytics,false,analytics,False
4032,215,Automation/Workflows,false,ai,False
4033,215,Templates,false,general,False
4034,215,Multi-language,true,general,True
4035,215,Real-time,true,general,True
4036,215,Enterprise/Team Plans,true,collaboration,True
4037,216,Text Generation,true,general,True
4038,216,Image Generation,true,general,True
4039,216,Video Generation,false,general,False
4040,216,Code Generation,true,general,True
4041,216,Voice/Speech,true,general,True
4042,216,API Access,true,integration,True
4043,216,Free Tier,true,general,True
4044,216,Browser Extension,false,general,False
4045,216,Mobile App,false,mobile,False
4046,216,Collaboration,true,collaboration,True
4047,216,Custom Training,false,ai,False
4048,216,Plugins/Extensions,false,general,False
4049,216,File Upload,true,general,True
4050,216,Web Search,true,general,True
4051,216,Analytics,false,analytics,False
4052,216,Automation/Workflows,false,ai,False
4053,216,Templates,false,general,False
4054,216,Multi-language,false,general,False
4055,216,Real-time,false,general,False
4056,216,Enterprise/Team Plans,true,collaboration,True
4057,217,Text Generation,true,general,True
4058,217,Image Generation,false,general,False
4059,217,Video Generation,false,general,False
4060,217,Code Generation,true,general,True
4061,217,Voice/Speech,false,general,False
4062,217,API Access,true,integration,True
4063,217,Free Tier,true,general,True
4064,217,Browser Extension,false,general,False
4065,217,Mobile App,false,mobile,False
4066,217,Collaboration,true,collaboration,True
4067,217,Custom Training,false,ai,False
4068,217,Plugins/Extensions,false,general,False
4069,217,File Upload,true,general,True
4070,217,Web Search,true,general,True
4071,217,Analytics,false,analytics,False
4072,217,Automation/Workflows,false,ai,False
4073,217,Templates,false,general,False
4074,217,Multi-language,false,general,False
4075,217,Real-time,true,general,True
4076,217,Enterprise/Team Plans,true,collaboration,True
4077,218,Text Generation,false,general,False
4078,218,Image Generation,false,general,False
4079,218,Video Generation,false,general,False
4080,218,Code Generation,false,general,False
4081,218,Voice/Speech,false,general,False
4082,218,API Access,true,integration,True
4083,218,Free Tier,true,general,True
4084,218,Browser Extension,false,general,False
4085,218,Mobile App,false,mobile,False
4086,218,Collaboration,false,collaboration,False
4087,218,Custom Training,false,ai,False
4088,218,Plugins/Extensions,false,general,False
4089,218,File Upload,false,general,False
4090,218,Web Search,true,general,True
4091,218,Analytics,false,analytics,False
4092,218,Automation/Workflows,false,ai,False
4093,218,Templates,false,general,False
4094,218,Multi-language,true,general,True
4095,218,Real-time,true,general,True
4096,218,Enterprise/Team Plans,true,collaboration,True
4097,219,Text Generation,false,general,False
4098,219,Image Generation,false,general,False
4099,219,Video Generation,false,general,False
4100,219,Code Generation,false,general,False
4101,219,Voice/Speech,false,general,False
4102,219,API Access,true,integration,True
4103,219,Free Tier,true,general,True
4104,219,Browser Extension,false,general,False
4105,219,Mobile App,false,mobile,False
4106,219,Collaboration,true,collaboration,True
4107,219,Custom Training,false,ai,False
4108,219,Plugins/Extensions,false,general,False
4109,219,File Upload,true,general,True
4110,219,Web Search,true,general,True
4111,219,Analytics,false,analytics,False
4112,219,Automation/Workflows,true,ai,True
4113,219,Templates,true,general,True
4114,219,Multi-language,false,general,False
4115,219,Real-time,true,general,True
4116,219,Enterprise/Team Plans,true,collaboration,True
4117,220,Text Generation,true,general,True
4118,220,Image Generation,false,general,False
4119,220,Video Generation,false,general,False
4120,220,Code Generation,false,general,False
4121,220,Voice/Speech,true,general,True
4122,220,API Access,false,integration,False
4123,220,Free Tier,true,general,True
4124,220,Browser Extension,false,general,False
4125,220,Mobile App,false,mobile,False
4126,220,Collaboration,false,collaboration,False
4127,220,Custom Training,false,ai,False
4128,220,Plugins/Extensions,false,general,False
4129,220,File Upload,false,general,False
4130,220,Web Search,false,general,False
4131,220,Analytics,false,analytics,False
4132,220,Automation/Workflows,false,ai,False
4133,220,Templates,false,general,False
4134,220,Multi-language,false,general,False
4135,220,Real-time,false,general,False
4136,220,Enterprise/Team Plans,false,collaboration,False
4137,221,Text Generation,false,general,False
4138,221,Image Generation,false,general,False
4139,221,Video Generation,false,general,False
4140,221,Code Generation,false,general,False
4141,221,Voice/Speech,false,general,False
4142,221,API Access,true,integration,True
4143,221,Free Tier,true,general,True
4144,221,Browser Extension,false,general,False
4145,221,Mobile App,false,mobile,False
4146,221,Collaboration,false,collaboration,False
4147,221,Custom Training,false,ai,False
4148,221,Plugins/Extensions,false,general,False
4149,221,File Upload,true,general,True
4150,221,Web Search,false,general,False
4151,221,Analytics,false,analytics,False
4152,221,Automation/Workflows,false,ai,False
4153,221,Templates,false,general,False
4154,221,Multi-language,false,general,False
4155,221,Real-time,true,general,True
4156,221,Enterprise/Team Plans,true,collaboration,True
4157,222,Text Generation,false,general,False
4158,222,Image Generation,false,general,False
4159,222,Video Generation,false,general,False
4160,222,Code Generation,false,general,False
4161,222,Voice/Speech,true,general,True
4162,222,API Access,false,integration,False
4163,222,Free Tier,true,general,True
4164,222,Browser Extension,false,general,False
4165,222,Mobile App,false,mobile,False
4166,222,Collaboration,false,collaboration,False
4167,222,Custom Training,false,ai,False
4168,222,Plugins/Extensions,false,general,False
4169,222,File Upload,true,general,True
4170,222,Web Search,false,general,False
4171,222,Analytics,false,analytics,False
4172,222,Automation/Workflows,false,ai,False
4173,222,Templates,false,general,False
4174,222,Multi-language,false,general,False
4175,222,Real-time,false,general,False
4176,222,Enterprise/Team Plans,true,collaboration,True
4177,223,Text Generation,false,general,False
4178,223,Image Generation,false,general,False
4179,223,Video Generation,false,general,False
4180,223,Code Generation,false,general,False
4181,223,Voice/Speech,true,general,True
4182,223,API Access,false,integration,False
4183,223,Free Tier,true,general,True
4184,223,Browser Extension,true,general,True
4185,223,Mobile App,true,mobile,True
4186,223,Collaboration,true,collaboration,True
4187,223,Custom Training,false,ai,False
4188,223,Plugins/Extensions,false,general,False
4189,223,File Upload,true,general,True
4190,223,Web Search,false,general,False
4191,223,Analytics,true,analytics,True
4192,223,Automation/Workflows,false,ai,False
4193,223,Templates,false,general,False
4194,223,Multi-language,false,general,False
4195,223,Real-time,true,general,True
4196,223,Enterprise/Team Plans,true,collaboration,True
4197,224,Text Generation,false,general,False
4198,224,Image Generation,false,general,False
4199,224,Video Generation,false,general,False
4200,224,Code Generation,false,general,False
4201,224,Voice/Speech,true,general,True
4202,224,API Access,true,integration,True
4203,224,Free Tier,true,general,True
4204,224,Browser Extension,true,general,True
4205,224,Mobile App,false,mobile,False
4206,224,Collaboration,true,collaboration,True
4207,224,Custom Training,false,ai,False
4208,224,Plugins/Extensions,false,general,False
4209,224,File Upload,true,general,True
4210,224,Web Search,true,general,True
4211,224,Analytics,true,analytics,True
4212,224,Automation/Workflows,true,ai,True
4213,224,Templates,false,general,False
4214,224,Multi-language,false,general,False
4215,224,Real-time,true,general,True
4216,224,Enterprise/Team Plans,true,collaboration,True
4217,225,Text Generation,false,general,False
4218,225,Image Generation,false,general,False
4219,225,Video Generation,false,general,False
4220,225,Code Generation,false,general,False
4221,225,Voice/Speech,false,general,False
4222,225,API Access,false,integration,False
4223,225,Free Tier,true,general,True
4224,225,Browser Extension,false,general,False
4225,225,Mobile App,false,mobile,False
4226,225,Collaboration,false,collaboration,False
4227,225,Custom Training,false,ai,False
4228,225,Plugins/Extensions,false,general,False
4229,225,File Upload,false,general,False
4230,225,Web Search,true,general,True
4231,225,Analytics,false,analytics,False
4232,225,Automation/Workflows,false,ai,False
4233,225,Templates,false,general,False
4234,225,Multi-language,false,general,False
4235,225,Real-time,false,general,False
4236,225,Enterprise/Team Plans,false,collaboration,False
4237,226,Text Generation,true,general,True
4238,226,Image Generation,true,general,True
4239,226,Video Generation,false,general,False
4240,226,Code Generation,false,general,False
4241,226,Voice/Speech,false,general,False
4242,226,API Access,false,integration,False
4243,226,Free Tier,true,general,True
4244,226,Browser Extension,false,general,False
4245,226,Mobile App,false,mobile,False
4246,226,Collaboration,true,collaboration,True
4247,226,Custom Training,false,ai,False
4248,226,Plugins/Extensions,false,general,False
4249,226,File Upload,true,general,True
4250,226,Web Search,false,general,False
4251,226,Analytics,true,analytics,True
4252,226,Automation/Workflows,false,ai,False
4253,226,Templates,true,general,True
4254,226,Multi-language,true,general,True
4255,226,Real-time,true,general,True
4256,226,Enterprise/Team Plans,true,collaboration,True
4257,227,Text Generation,true,general,True
4258,227,Image Generation,true,general,True
4259,227,Video Generation,false,general,False
4260,227,Code Generation,false,general,False
4261,227,Voice/Speech,false,general,False
4262,227,API Access,true,integration,True
4263,227,Free Tier,true,general,True
4264,227,Browser Extension,false,general,False
4265,227,Mobile App,false,mobile,False
4266,227,Collaboration,true,collaboration,True
4267,227,Custom Training,false,ai,False
4268,227,Plugins/Extensions,false,general,False
4269,227,File Upload,true,general,True
4270,227,Web Search,false,general,False
4271,227,Analytics,false,analytics,False
4272,227,Automation/Workflows,false,ai,False
4273,227,Templates,true,general,True
4274,227,Multi-language,true,general,True
4275,227,Real-time,true,general,True
4276,227,Enterprise/Team Plans,true,collaboration,True
4277,228,Text Generation,true,general,True
4278,228,Image Generation,true,general,True
4279,228,Video Generation,false,general,False
4280,228,Code Generation,false,general,False
4281,228,Voice/Speech,false,general,False
4282,228,API Access,true,integration,True
4283,228,Free Tier,true,general,True
4284,228,Browser Extension,false,general,False
4285,228,Mobile App,false,mobile,False
4286,228,Collaboration,true,collaboration,True
4287,228,Custom Training,false,ai,False
4288,228,Plugins/Extensions,false,general,False
4289,228,File Upload,true,general,True
4290,228,Web Search,false,general,False
4291,228,Analytics,false,analytics,False
4292,228,Automation/Workflows,false,ai,False
4293,228,Templates,true,general,True
4294,228,Multi-language,false,general,False
4295,228,Real-time,true,general,True
4296,228,Enterprise/Team Plans,true,collaboration,True
4297,229,Text Generation,true,general,True
4298,229,Image Generation,false,general,False
4299,229,Video Generation,true,general,True
4300,229,Code Generation,false,general,False
4301,229,Voice/Speech,true,general,True
4302,229,API Access,false,integration,False
4303,229,Free Tier,true,general,True
4304,229,Browser Extension,false,general,False
4305,229,Mobile App,false,mobile,False
4306,229,Collaboration,true,collaboration,True
4307,229,Custom Training,false,ai,False
4308,229,Plugins/Extensions,false,general,False
4309,229,File Upload,true,general,True
4310,229,Web Search,false,general,False
4311,229,Analytics,false,analytics,False
4312,229,Automation/Workflows,false,ai,False
4313,229,Templates,true,general,True
4314,229,Multi-language,false,general,False
4315,229,Real-time,true,general,True
4316,229,Enterprise/Team Plans,true,collaboration,True
4317,230,Text Generation,true,general,True
4318,230,Image Generation,false,general,False
4319,230,Video Generation,true,general,True
4320,230,Code Generation,false,general,False
4321,230,Voice/Speech,true,general,True
4322,230,API Access,false,integration,False
4323,230,Free Tier,true,general,True
4324,230,Browser Extension,false,general,False
4325,230,Mobile App,true,mobile,True
4326,230,Collaboration,false,collaboration,False
4327,230,Custom Training,false,ai,False
4328,230,Plugins/Extensions,false,general,False
4329,230,File Upload,true,general,True
4330,230,Web Search,false,general,False
4331,230,Analytics,false,analytics,False
4332,230,Automation/Workflows,false,ai,False
4333,230,Templates,false,general,False
4334,230,Multi-language,false,general,False
4335,230,Real-time,false,general,False
4336,230,Enterprise/Team Plans,false,collaboration,False
4337,231,Text Generation,true,general,True
4338,231,Image Generation,false,general,False
4339,231,Video Generation,false,general,False
4340,231,Code Generation,false,general,False
4341,231,Voice/Speech,false,general,False
4342,231,API Access,false,integration,False
4343,231,Free Tier,true,general,True
4344,231,Browser Extension,true,general,True
4345,231,Mobile App,false,mobile,False
4346,231,Collaboration,false,collaboration,False
4347,231,Custom Training,false,ai,False
4348,231,Plugins/Extensions,false,general,False
4349,231,File Upload,false,general,False
4350,231,Web Search,false,general,False
4351,231,Analytics,true,analytics,True
4352,231,Automation/Workflows,false,ai,False
4353,231,Templates,false,general,False
4354,231,Multi-language,false,general,False
4355,231,Real-time,true,general,True
4356,231,Enterprise/Team Plans,true,collaboration,True
4357,232,Text Generation,true,general,True
4358,232,Image Generation,true,general,True
4359,232,Video Generation,true,general,True
4360,232,Code Generation,false,general,False
4361,232,Voice/Speech,true,general,True
4362,232,API Access,true,integration,True
4363,232,Free Tier,true,general,True
4364,232,Browser Extension,false,general,False
4365,232,Mobile App,false,mobile,False
4366,232,Collaboration,false,collaboration,False
4367,232,Custom Training,false,ai,False
4368,232,Plugins/Extensions,false,general,False
4369,232,File Upload,true,general,True
4370,232,Web Search,false,general,False
4371,232,Analytics,false,analytics,False
4372,232,Automation/Workflows,false,ai,False
4373,232,Templates,true,general,True
4374,232,Multi-language,true,general,True
4375,232,Real-time,true,general,True
4376,232,Enterprise/Team Plans,true,collaboration,True
4377,233,Text Generation,false,general,False
4378,233,Image Generation,false,general,False
4379,233,Video Generation,false,general,False
4380,233,Code Generation,false,general,False
4381,233,Voice/Speech,false,general,False
4382,233,API Access,true,integration,True
4383,233,Free Tier,false,general,False
4384,233,Browser Extension,false,general,False
4385,233,Mobile App,false,mobile,False
4386,233,Collaboration,false,collaboration,False
4387,233,Custom Training,false,ai,False
4388,233,Plugins/Extensions,false,general,False
4389,233,File Upload,true,general,True
4390,233,Web Search,false,general,False
4391,233,Analytics,false,analytics,False
4392,233,Automation/Workflows,true,ai,True
4393,233,Templates,false,general,False
4394,233,Multi-language,false,general,False
4395,233,Real-time,true,general,True
4396,233,Enterprise/Team Plans,true,collaboration,True
4397,234,Text Generation,false,general,False
4398,234,Image Generation,false,general,False
4399,234,Video Generation,false,general,False
4400,234,Code Generation,false,general,False
4401,234,Voice/Speech,false,general,False
4402,234,API Access,true,integration,True
4403,234,Free Tier,false,general,False
4404,234,Browser Extension,false,general,False
4405,234,Mobile App,false,mobile,False
4406,234,Collaboration,true,collaboration,True
4407,234,Custom Training,true,ai,True
4408,234,Plugins/Extensions,true,general,True
4409,234,File Upload,true,general,True
4410,234,Web Search,false,general,False
4411,234,Analytics,true,analytics,True
4412,234,Automation/Workflows,true,ai,True
4413,234,Templates,true,general,True
4414,234,Multi-language,true,general,True
4415,234,Real-time,true,general,True
4416,234,Enterprise/Team Plans,true,collaboration,True
4417,235,Text Generation,true,general,True
4418,235,Image Generation,false,general,False
4419,235,Video Generation,false,general,False
4420,235,Code Generation,false,general,False
4421,235,Voice/Speech,false,general,False
4422,235,API Access,true,integration,True
4423,235,Free Tier,true,general,True
4424,235,Browser Extension,false,general,False
4425,235,Mobile App,false,mobile,False
4426,235,Collaboration,true,collaboration,True
4427,235,Custom Training,false,ai,False
4428,235,Plugins/Extensions,false,general,False
4429,235,File Upload,true,general,True
4430,235,Web Search,true,general,True
4431,235,Analytics,true,analytics,True
4432,235,Automation/Workflows,true,ai,True
4433,235,Templates,true,general,True
4434,235,Multi-language,true,general,True
4435,235,Real-time,true,general,True
4436,235,Enterprise/Team Plans,true,collaboration,True
4437,236,Text Generation,true,general,True
4438,236,Image Generation,false,general,False
4439,236,Video Generation,false,general,False
4440,236,Code Generation,true,general,True
4441,236,Voice/Speech,false,general,False
4442,236,API Access,true,integration,True
4443,236,Free Tier,true,general,True
4444,236,Browser Extension,false,general,False
4445,236,Mobile App,true,mobile,True
4446,236,Collaboration,false,collaboration,False
4447,236,Custom Training,false,ai,False
4448,236,Plugins/Extensions,false,general,False
4449,236,File Upload,false,general,False
4450,236,Web Search,false,general,False
4451,236,Analytics,false,analytics,False
4452,236,Automation/Workflows,false,ai,False
4453,236,Templates,false,general,False
4454,236,Multi-language,false,general,False
4455,236,Real-time,false,general,False
4456,236,Enterprise/Team Plans,true,collaboration,True
4457,237,Text Generation,true,general,True
4458,237,Image Generation,false,general,False
4459,237,Video Generation,false,general,False
4460,237,Code Generation,false,general,False
4461,237,Voice/Speech,false,general,False
4462,237,API Access,true,integration,True
4463,237,Free Tier,true,general,True
4464,237,Browser Extension,false,general,False
4465,237,Mobile App,false,mobile,False
4466,237,Collaboration,true,collaboration,True
4467,237,Custom Training,true,ai,True
4468,237,Plugins/Extensions,false,general,False
4469,237,File Upload,true,general,True
4470,237,Web Search,false,general,False
4471,237,Analytics,false,analytics,False
4472,237,Automation/Workflows,false,ai,False
4473,237,Templates,false,general,False
4474,237,Multi-language,true,general,True
4475,237,Real-time,true,general,True
4476,237,Enterprise/Team Plans,true,collaboration,True
4477,238,Text Generation,true,general,True
4478,238,Image Generation,false,general,False
4479,238,Video Generation,false,general,False
4480,238,Code Generation,false,general,False
4481,238,Voice/Speech,false,general,False
4482,238,API Access,true,integration,True
4483,238,Free Tier,true,general,True
4484,238,Browser Extension,false,general,False
4485,238,Mobile App,false,mobile,False
4486,238,Collaboration,false,collaboration,False
4487,238,Custom Training,true,ai,True
4488,238,Plugins/Extensions,false,general,False
4489,238,File Upload,false,general,False
4490,238,Web Search,false,general,False
4491,238,Analytics,false,analytics,False
4492,238,Automation/Workflows,false,ai,False
4493,238,Templates,false,general,False
4494,238,Multi-language,true,general,True
4495,238,Real-time,false,general,False
4496,238,Enterprise/Team Plans,true,collaboration,True
4497,239,Text Generation,true,general,True
4498,239,Image Generation,false,general,False
4499,239,Video Generation,false,general,False
4500,239,Code Generation,false,general,False
4501,239,Voice/Speech,false,general,False
4502,239,API Access,true,integration,True
4503,239,Free Tier,true,general,True
4504,239,Browser Extension,false,general,False
4505,239,Mobile App,false,mobile,False
4506,239,Collaboration,true,collaboration,True
4507,239,Custom Training,false,ai,False
4508,239,Plugins/Extensions,false,general,False
4509,239,File Upload,true,general,True
4510,239,Web Search,false,general,False
4511,239,Analytics,true,analytics,True
4512,239,Automation/Workflows,true,ai,True
4513,239,Templates,true,general,True
4514,239,Multi-language,true,general,True
4515,239,Real-time,true,general,True
4516,239,Enterprise/Team Plans,true,collaboration,True
4517,240,Text Generation,true,general,True
4518,240,Code Generation,true,general,True
4519,240,Image Understanding,true,general,True
4520,240,Voice/Speech,true,general,True
4521,240,API Access,true,integration,True
4522,240,Free Tier,true,general,True
4523,240,Open Source,false,general,False
4524,240,Fine-tuning,true,general,True
4525,240,Function Calling,true,general,True
4526,240,Long Context (100K+),true,general,True
4527,240,Reasoning,true,general,True
4528,240,Web Search,true,general,True
4529,240,Multi-modal,true,general,True
4530,240,Streaming,true,general,True
4531,240,Batch API,true,integration,True
4532,240,JSON Mode,true,general,True
4533,240,System Prompts,true,general,True
4534,240,Tool Use,true,general,True
4535,240,Vision,true,general,True
4536,240,Enterprise Plans,true,general,True
4537,241,Text Generation,true,general,True
4538,241,Code Generation,true,general,True
4539,241,Image Understanding,true,general,True
4540,241,Voice/Speech,false,general,False
4541,241,API Access,true,integration,True
4542,241,Free Tier,true,general,True
4543,241,Open Source,false,general,False
4544,241,Fine-tuning,false,general,False
4545,241,Function Calling,true,general,True
4546,241,Long Context (100K+),true,general,True
4547,241,Reasoning,true,general,True
4548,241,Web Search,false,general,False
4549,241,Multi-modal,true,general,True
4550,241,Streaming,true,general,True
4551,241,Batch API,true,integration,True
4552,241,JSON Mode,true,general,True
4553,241,System Prompts,true,general,True
4554,241,Tool Use,true,general,True
4555,241,Vision,true,general,True
4556,241,Enterprise Plans,true,general,True
4557,242,Text Generation,true,general,True
4558,242,Code Generation,true,general,True
4559,242,Image Understanding,true,general,True
4560,242,Voice/Speech,true,general,True
4561,242,API Access,true,integration,True
4562,242,Free Tier,true,general,True
4563,242,Open Source,false,general,False
4564,242,Fine-tuning,true,general,True
4565,242,Function Calling,true,general,True
4566,242,Long Context (100K+),true,general,True
4567,242,Reasoning,true,general,True
4568,242,Web Search,true,general,True
4569,242,Multi-modal,true,general,True
4570,242,Streaming,true,general,True
4571,242,Batch API,true,integration,True
4572,242,JSON Mode,true,general,True
4573,242,System Prompts,true,general,True
4574,242,Tool Use,true,general,True
4575,242,Vision,true,general,True
4576,242,Enterprise Plans,true,general,True
4577,243,Text Generation,true,general,True
4578,243,Code Generation,true,general,True
4579,243,Image Understanding,true,general,True
4580,243,Voice/Speech,false,general,False
4581,243,API Access,true,integration,True
4582,243,Free Tier,true,general,True
4583,243,Open Source,true,general,True
4584,243,Fine-tuning,true,general,True
4585,243,Function Calling,true,general,True
4586,243,Long Context (100K+),true,general,True
4587,243,Reasoning,true,general,True
4588,243,Web Search,true,general,True
4589,243,Multi-modal,true,general,True
4590,243,Streaming,true,general,True
4591,243,Batch API,true,integration,True
4592,243,JSON Mode,true,general,True
4593,243,System Prompts,true,general,True
4594,243,Tool Use,true,general,True
4595,243,Vision,true,general,True
4596,243,Enterprise Plans,false,general,False
4597,244,Text Generation,true,general,True
4598,244,Code Generation,true,general,True
4599,244,Image Understanding,false,general,False
4600,244,Voice/Speech,false,general,False
4601,244,API Access,true,integration,True
4602,244,Free Tier,true,general,True
4603,244,Open Source,true,general,True
4604,244,Fine-tuning,true,general,True
4605,244,Function Calling,true,general,True
4606,244,Long Context (100K+),true,general,True
4607,244,Reasoning,true,general,True
4608,244,Web Search,false,general,False
4609,244,Multi-modal,false,general,False
4610,244,Streaming,true,general,True
4611,244,Batch API,true,integration,True
4612,244,JSON Mode,true,general,True
4613,244,System Prompts,true,general,True
4614,244,Tool Use,true,general,True
4615,244,Vision,false,general,False
4616,244,Enterprise Plans,false,general,False
4617,245,Text Generation,true,general,True
4618,245,Code Generation,true,general,True
4619,245,Image Understanding,false,general,False
4620,245,Voice/Speech,false,general,False
4621,245,API Access,true,integration,True
4622,245,Free Tier,true,general,True
4623,245,Open Source,true,general,True
4624,245,Fine-tuning,true,general,True
4625,245,Function Calling,true,general,True
4626,245,Long Context (100K+),true,general,True
4627,245,Reasoning,true,general,True
4628,245,Web Search,false,general,False
4629,245,Multi-modal,false,general,False
4630,245,Streaming,true,general,True
4631,245,Batch API,true,integration,True
4632,245,JSON Mode,true,general,True
4633,245,System Prompts,true,general,True
4634,245,Tool Use,true,general,True
4635,245,Vision,false,general,False
4636,245,Enterprise Plans,true,general,True
4637,246,Text Generation,true,general,True
4638,246,Code Generation,true,general,True
4639,246,Image Understanding,true,general,True
4640,246,Voice/Speech,false,general,False
4641,246,API Access,true,integration,True
4642,246,Free Tier,true,general,True
4643,246,Open Source,false,general,False
4644,246,Fine-tuning,false,general,False
4645,246,Function Calling,true,general,True
4646,246,Long Context (100K+),true,general,True
4647,246,Reasoning,true,general,True
4648,246,Web Search,true,general,True
4649,246,Multi-modal,true,general,True
4650,246,Streaming,true,general,True
4651,246,Batch API,false,integration,False
4652,246,JSON Mode,true,general,True
4653,246,System Prompts,true,general,True
4654,246,Tool Use,true,general,True
4655,246,Vision,true,general,True
4656,246,Enterprise Plans,false,general,False
4657,247,Text Generation,true,general,True
4658,247,Code Generation,true,general,True
4659,247,Image Understanding,true,general,True
4660,247,Voice/Speech,false,general,False
4661,247,API Access,true,integration,True
4662,247,Free Tier,false,general,False
4663,247,Open Source,false,general,False
4664,247,Fine-tuning,false,general,False
4665,247,Function Calling,true,general,True
4666,247,Long Context (100K+),true,general,True
4667,247,Reasoning,true,general,True
4668,247,Web Search,false,general,False
4669,247,Multi-modal,true,general,True
4670,247,Streaming,true,general,True
4671,247,Batch API,true,integration,True
4672,247,JSON Mode,true,general,True
4673,247,System Prompts,true,general,True
4674,247,Tool Use,true,general,True
4675,247,Vision,true,general,True
4676,247,Enterprise Plans,true,general,True
4677,248,Text Generation,true,general,True
4678,248,Code Generation,true,general,True
4679,248,Image Understanding,false,general,False
4680,248,Voice/Speech,false,general,False
4681,248,API Access,true,integration,True
4682,248,Free Tier,true,general,True
4683,248,Open Source,false,general,False
4684,248,Fine-tuning,true,general,True
4685,248,Function Calling,true,general,True
4686,248,Long Context (100K+),true,general,True
4687,248,Reasoning,true,general,True
4688,248,Web Search,true,general,True
4689,248,Multi-modal,false,general,False
4690,248,Streaming,true,general,True
4691,248,Batch API,true,integration,True
4692,248,JSON Mode,true,general,True
4693,248,System Prompts,true,general,True
4694,248,Tool Use,true,general,True
4695,248,Vision,false,general,False
4696,248,Enterprise Plans,true,general,True
4697,249,Text Generation,true,general,True
4698,249,Code Generation,true,general,True
4699,249,Image Understanding,true,general,True
4700,249,Voice/Speech,false,general,False
4701,249,API Access,true,integration,True
4702,249,Free Tier,true,general,True
4703,249,Open Source,true,general,True
4704,249,Fine-tuning,true,general,True
4705,249,Function Calling,true,general,True
4706,249,Long Context (100K+),true,general,True
4707,249,Reasoning,true,general,True
4708,249,Web Search,false,general,False
4709,249,Multi-modal,true,general,True
4710,249,Streaming,true,general,True
4711,249,Batch API,false,integration,False
4712,249,JSON Mode,true,general,True
4713,249,System Prompts,true,general,True
4714,249,Tool Use,false,general,False
4715,249,Vision,true,general,True
4716,249,Enterprise Plans,true,general,True
4717,250,Text Generation,true,general,True
4718,250,Code Generation,true,general,True
4719,250,Web Browsing,true,general,True
4720,250,File Management,true,general,True
4721,250,API Access,true,integration,True
4722,250,Free Tier,true,general,True
4723,250,Open Source,true,general,True
4724,250,Self-Hosting,true,general,True
4725,250,Task Planning,true,general,True
4726,250,Long-term Memory,true,general,True
4727,250,Multi-Agent,true,general,True
4728,250,Email Integration,true,integration,True
4729,250,Plugin System,true,general,True
4730,250,Voice Interface,true,general,True
4731,250,Error Recovery,true,general,True
4732,250,Goal Decomposition,true,general,True
4733,250,Autonomous Execution,true,general,True
4734,250,Tool Use,true,general,True
4735,250,Vision,false,general,False
4736,250,Enterprise Plans,false,general,False
4737,251,Text Generation,true,general,True
4738,251,Code Generation,true,general,True
4739,251,Web Browsing,true,general,True
4740,251,File Management,true,general,True
4741,251,API Access,true,integration,True
4742,251,Free Tier,true,general,True
4743,251,Open Source,true,general,True
4744,251,Self-Hosting,true,general,True
4745,251,Task Planning,true,general,True
4746,251,Long-term Memory,true,general,True
4747,251,Multi-Agent,true,general,True
4748,251,Email Integration,false,integration,False
4749,251,Plugin System,true,general,True
4750,251,Voice Interface,false,general,False
4751,251,Error Recovery,true,general,True
4752,251,Goal Decomposition,true,general,True
4753,251,Autonomous Execution,true,general,True
4754,251,Tool Use,true,general,True
4755,251,Vision,false,general,False
4756,251,Enterprise Plans,true,general,True
4757,252,Text Generation,true,general,True
4758,252,Code Generation,true,general,True
4759,252,Web Browsing,true,general,True
4760,252,File Management,true,general,True
4761,252,API Access,true,integration,True
4762,252,Free Tier,false,general,False
4763,252,Open Source,false,general,False
4764,252,Self-Hosting,false,general,False
4765,252,Task Planning,true,general,True
4766,252,Long-term Memory,true,general,True
4767,252,Multi-Agent,false,general,False
4768,252,Email Integration,false,integration,False
4769,252,Plugin System,false,general,False
4770,252,Voice Interface,false,general,False
4771,252,Error Recovery,true,general,True
4772,252,Goal Decomposition,true,general,True
4773,252,Autonomous Execution,true,general,True
4774,252,Tool Use,true,general,True
4775,252,Vision,true,general,True
4776,252,Enterprise Plans,true,general,True
4777,253,Text Generation,true,general,True
4778,253,Code Generation,true,general,True
4779,253,Web Browsing,true,general,True
4780,253,File Management,true,general,True
4781,253,API Access,true,integration,True
4782,253,Free Tier,true,general,True
4783,253,Open Source,true,general,True
4784,253,Self-Hosting,true,general,True
4785,253,Task Planning,true,general,True
4786,253,Long-term Memory,true,general,True
4787,253,Multi-Agent,true,general,True
4788,253,Email Integration,false,integration,False
4789,253,Plugin System,true,general,True
4790,253,Voice Interface,false,general,False
4791,253,Error Recovery,true,general,True
4792,253,Goal Decomposition,true,general,True
4793,253,Autonomous Execution,true,general,True
4794,253,Tool Use,true,general,True
4795,253,Vision,true,general,True
4796,253,Enterprise Plans,true,general,True
4797,254,Text Generation,true,general,True
4798,254,Code Generation,false,general,False
4799,254,Web Browsing,true,general,True
4800,254,File Management,true,general,True
4801,254,API Access,true,integration,True
4802,254,Free Tier,true,general,True
4803,254,Open Source,false,general,False
4804,254,Self-Hosting,false,general,False
4805,254,Task Planning,true,general,True
4806,254,Long-term Memory,true,general,True
4807,254,Multi-Agent,true,general,True
4808,254,Email Integration,true,integration,True
4809,254,Plugin System,true,general,True
4810,254,Voice Interface,false,general,False
4811,254,Error Recovery,true,general,True
4812,254,Goal Decomposition,true,general,True
4813,254,Autonomous Execution,true,general,True
4814,254,Tool Use,true,general,True
4815,254,Vision,false,general,False
4816,254,Enterprise Plans,true,general,True
4817,255,Text Generation,true,general,True
4818,255,Code Generation,false,general,False
4819,255,Web Browsing,false,general,False
4820,255,File Management,false,general,False
4821,255,API Access,true,integration,True
4822,255,Free Tier,false,general,False
4823,255,Open Source,false,general,False
4824,255,Self-Hosting,false,general,False
4825,255,Task Planning,false,general,False
4826,255,Long-term Memory,true,general,True
4827,255,Multi-Agent,false,general,False
4828,255,Email Integration,true,integration,True
4829,255,Plugin System,true,general,True
4830,255,Voice Interface,false,general,False
4831,255,Error Recovery,true,general,True
4832,255,Goal Decomposition,false,general,False
4833,255,Autonomous Execution,true,general,True
4834,255,Tool Use,true,general,True
4835,255,Vision,false,general,False
4836,255,Enterprise Plans,true,general,True
4837,256,Text Generation,true,general,True
4838,256,Code Generation,false,general,False
4839,256,Web Browsing,false,general,False
4840,256,File Management,false,general,False
4841,256,API Access,true,integration,True
4842,256,Free Tier,true,general,True
4843,256,Open Source,false,general,False
4844,256,Self-Hosting,false,general,False
4845,256,Task Planning,false,general,False
4846,256,Long-term Memory,true,general,True
4847,256,Multi-Agent,false,general,False
4848,256,Email Integration,true,integration,True
4849,256,Plugin System,true,general,True
4850,256,Voice Interface,false,general,False
4851,256,Error Recovery,true,general,True
4852,256,Goal Decomposition,false,general,False
4853,256,Autonomous Execution,true,general,True
4854,256,Tool Use,true,general,True
4855,256,Vision,false,general,False
4856,256,Enterprise Plans,true,general,True
4857,257,Text Generation,true,general,True
4858,257,Code Generation,false,general,False
4859,257,Web Browsing,false,general,False
4860,257,File Management,true,general,True
4861,257,API Access,true,integration,True
4862,257,Free Tier,true,general,True
4863,257,Open Source,false,general,False
4864,257,Self-Hosting,false,general,False
4865,257,Task Planning,false,general,False
4866,257,Long-term Memory,true,general,True
4867,257,Multi-Agent,false,general,False
4868,257,Email Integration,false,integration,False
4869,257,Plugin System,true,general,True
4870,257,Voice Interface,false,general,False
4871,257,Error Recovery,false,general,False
4872,257,Goal Decomposition,false,general,False
4873,257,Autonomous Execution,false,general,False
4874,257,Tool Use,false,general,False
4875,257,Vision,false,general,False
4876,257,Enterprise Plans,true,general,True
4877,258,Text Generation,true,general,True
4878,258,Code Generation,false,general,False
4879,258,Web Browsing,false,general,False
4880,258,File Management,true,general,True
4881,258,API Access,true,integration,True
4882,258,Free Tier,true,general,True
4883,258,Open Source,true,general,True
4884,258,Self-Hosting,true,general,True
4885,258,Task Planning,false,general,False
4886,258,Long-term Memory,true,general,True
4887,258,Multi-Agent,false,general,False
4888,258,Email Integration,true,integration,True
4889,258,Plugin System,true,general,True
4890,258,Voice Interface,false,general,False
4891,258,Error Recovery,true,general,True
4892,258,Goal Decomposition,false,general,False
4893,258,Autonomous Execution,true,general,True
4894,258,Tool Use,true,general,True
4895,258,Vision,false,general,False
4896,258,Enterprise Plans,true,general,True
4897,259,Text Generation,true,general,True
4898,259,Code Generation,false,general,False
4899,259,Web Browsing,false,general,False
4900,259,File Management,true,general,True
4901,259,API Access,true,integration,True
4902,259,Free Tier,true,general,True
4903,259,Open Source,false,general,False
4904,259,Self-Hosting,false,general,False
4905,259,Task Planning,true,general,True
4906,259,Long-term Memory,true,general,True
4907,259,Multi-Agent,false,general,False
4908,259,Email Integration,false,integration,False
4909,259,Plugin System,true,general,True
4910,259,Voice Interface,true,general,True
4911,259,Error Recovery,true,general,True
4912,259,Goal Decomposition,true,general,True
4913,259,Autonomous Execution,false,general,False
4914,259,Tool Use,true,general,True
4915,259,Vision,false,general,False
4916,259,Enterprise Plans,true,general,True
4917,260,Text Generation,true,general,True
4918,260,Code Generation,true,general,True
4919,260,Code Completion,true,general,True
4920,260,Bug Detection,true,general,True
4921,260,Test Generation,true,general,True
4922,260,Code Review,true,general,True
4923,260,Free Tier,true,general,True
4924,260,Multi-language,true,general,True
4925,260,IDE Integration,true,integration,True
4926,260,Chat Interface,true,general,True
4927,260,Documentation,true,general,True
4928,260,Refactoring,true,general,True
4929,260,Security Scanning,false,general,False
4930,260,CLI Tools,true,general,True
4931,260,PR Integration,true,integration,True
4932,260,Codebase Context,true,general,True
4933,260,Voice Coding,false,general,False
4934,260,Custom Models,true,general,True
4935,260,Open Source,false,general,False
4936,260,Enterprise Plans,true,general,True
4937,261,Text Generation,true,general,True
4938,261,Code Generation,false,general,False
4939,261,SEO Optimization,true,general,True
4940,261,Brand Voice,false,general,False
4941,261,Templates,true,general,True
4942,261,Long Form Content,true,general,True
4943,261,Multi-language,true,general,True
4944,261,Plagiarism Check,false,general,False
4945,261,Browser Extension,true,general,True
4946,261,Team Collaboration,true,collaboration,True
4947,261,API Access,true,integration,True
4948,261,Image Generation,false,general,False
4949,261,Analytics,true,analytics,True
4950,261,CMS Integration,true,integration,True
4951,261,Grammar Check,false,general,False
4952,261,Fact Checking,false,general,False
4953,261,Content Calendar,true,general,True
4954,261,Free Tier,false,general,False
4955,261,Paraphrasing,false,general,False
4956,261,Enterprise Plans,true,general,True
4957,262,Text to Image,true,general,True
4958,262,Image Editing,true,general,True
4959,262,Upscaling,false,general,False
4960,262,Style Transfer,true,general,True
4961,262,Inpainting,true,ai,True
4962,262,Outpainting,false,ai,False
4963,262,API Access,true,integration,True
4964,262,Free Tier,true,general,True
4965,262,Commercial License,true,general,True
4966,262,Batch Generation,true,general,True
4967,262,Custom Models,true,general,True
4968,262,ControlNet,true,general,True
4969,262,Video Generation,false,general,False
4970,262,3D Generation,false,general,False
4971,262,Logo Generation,true,general,True
4972,262,Background Removal,false,general,False
4973,262,Face Enhancement,true,general,True
4974,262,High Resolution,true,general,True
4975,262,Watermark Free,true,general,True
4976,262,Enterprise Plans,false,general,False
4977,263,Text to Video,true,general,True
4978,263,Image to Video,true,general,True
4979,263,Video Editing,true,general,True
4980,263,Motion Control,true,general,True
4981,263,Green Screen,false,general,False
4982,263,Audio Sync,false,general,False
4983,263,API Access,false,integration,False
4984,263,Free Tier,false,general,False
4985,263,Commercial License,true,general,True
4986,263,4K Output,false,general,False
4987,263,Lip Sync,false,general,False
4988,263,Avatar Generation,false,general,False
4989,263,Style Transfer,true,general,True
4990,263,Upscaling,false,general,False
4991,263,Custom Models,false,general,False
4992,263,Batch Generation,false,general,False
4993,263,Team Collaboration,false,collaboration,False
4994,263,Script to Video,true,general,True
4995,263,Real-time Preview,false,general,False
4996,263,Enterprise Plans,true,general,True
4997,264,Text to Speech,true,general,True
4998,264,Voice Cloning,false,general,False
4999,264,Real-time Synthesis,true,general,True
5000,264,Multiple Languages,true,general,True
5001,264,API Access,true,integration,True
5002,264,Free Tier,true,general,True
5003,264,Emotional Control,false,general,False
5004,264,Commercial License,true,general,True
5005,264,Dubbing,false,general,False
5006,264,Batch Processing,true,general,True
5007,264,SSML Support,false,ai,False
5008,264,Voice Design,false,general,False
5009,264,Studio Quality,false,general,False
5010,264,Mobile App,true,mobile,True
5011,264,Streaming,true,general,True
5012,264,Pronunciation Control,false,general,False
5013,264,Long-form Content,true,general,True
5014,264,Multiple Voices,true,general,True
5015,264,Speech to Speech,false,general,False
5016,264,Enterprise Plans,true,general,True
5017,265,AI Trading,true,ai,True
5018,265,DCA Support,true,general,True
5019,265,Grid Trading,true,general,True
5020,265,Signal Bot,true,general,True
5021,265,Spot Trading,true,general,True
5022,265,Futures Trading,true,general,True
5023,265,Multi-Exchange,true,general,True
5024,265,Automated Portfolio,true,ai,True
5025,265,Customizable Parameters,true,general,True
5026,265,Real-time Analysis,true,general,True
5027,265,Risk Management,true,general,True
5028,265,Backtesting,true,general,True
5029,265,Social Trading,false,security,False
5030,265,Cloud Platform,false,general,False
5031,265,Secure Storage,false,general,False
5032,265,Low Fees,false,general,False
5033,266,AI Trading,false,ai,False
5034,266,DCA Support,false,general,False
5035,266,Grid Trading,false,general,False
5036,266,Signal Bot,false,general,False
5037,266,Spot Trading,false,general,False
5038,266,Futures Trading,false,general,False
5039,266,Multi-Exchange,true,general,True
5040,266,Automated Portfolio,false,ai,False
5041,266,Customizable Parameters,true,general,True
5042,266,Real-time Analysis,true,general,True
5043,266,Risk Management,true,general,True
5044,266,Backtesting,true,general,True
5045,266,Social Trading,true,security,True
5046,266,Cloud Platform,true,general,True
5047,266,Secure Storage,false,general,False
5048,266,Low Fees,false,general,False
5049,267,AI Trading,false,ai,False
5050,267,DCA Support,true,general,True
5051,267,Grid Trading,true,general,True
5052,267,Signal Bot,false,general,False
5053,267,Spot Trading,false,general,False
5054,267,Futures Trading,false,general,False
5055,267,Multi-Exchange,false,general,False
5056,267,Automated Portfolio,false,ai,False
5057,267,Customizable Parameters,true,general,True
5058,267,Real-time Analysis,true,general,True
5059,267,Risk Management,true,general,True
5060,267,Backtesting,false,general,False
5061,267,Social Trading,false,security,False
5062,267,Cloud Platform,false,general,False
5063,267,Secure Storage,true,general,True
5064,267,Low Fees,true,general,True
5065,268,AI Trading,false,ai,False
5066,268,DCA Support,true,general,True
5067,268,Grid Trading,true,general,True
5068,268,Signal Bot,false,general,False
5069,268,Spot Trading,false,general,False
5070,268,Futures Trading,true,general,True
5071,268,Multi-Exchange,true,general,True
5072,268,Automated Portfolio,true,ai,True
5073,268,Customizable Parameters,true,general,True
5074,268,Real-time Analysis,true,general,True
5075,268,Risk Management,true,general,True
5076,268,Backtesting,false,general,False
5077,268,Social Trading,false,security,False
5078,268,Cloud Platform,false,general,False
5079,268,Secure Storage,false,general,False
5080,268,Low Fees,false,general,False
5081,269,AI Trading,false,ai,False
5082,269,DCA Support,false,general,False
5083,269,Grid Trading,false,general,False
5084,269,Signal Bot,true,general,True
5085,269,Spot Trading,false,general,False
5086,269,Futures Trading,false,general,False
5087,269,Multi-Exchange,true,general,True
5088,269,Automated Portfolio,false,ai,False
5089,269,Customizable Parameters,true,general,True
5090,269,Real-time Analysis,true,general,True
5091,269,Risk Management,true,general,True
5092,269,Backtesting,true,general,True
5093,269,Social Trading,false,security,False
5094,269,Cloud Platform,false,general,False
5095,269,Secure Storage,false,general,False
5096,269,Low Fees,false,general,False
5097,270,AI Trading,false,ai,False
5098,270,DCA Support,true,general,True
5099,270,Grid Trading,true,general,True
5100,270,Signal Bot,false,general,False
5101,270,Spot Trading,false,general,False
5102,270,Futures Trading,false,general,False
5103,270,Multi-Exchange,true,general,True
5104,270,Automated Portfolio,false,ai,False
5105,270,Customizable Parameters,true,general,True
5106,270,Real-time Analysis,true,general,True
5107,270,Risk Management,true,general,True
5108,270,Backtesting,true,general,True
5109,270,Social Trading,false,security,False
5110,270,Cloud Platform,true,general,True
5111,270,Secure Storage,false,general,False
5112,270,Low Fees,false,general,False
5113,271,AI Trading,false,ai,False
5114,271,DCA Support,true,general,True
5115,271,Grid Trading,true,general,True
5116,271,Signal Bot,true,general,True
5117,271,Spot Trading,true,general,True
5118,271,Futures Trading,true,general,True
5119,271,Multi-Exchange,true,general,True
5120,271,Automated Portfolio,false,ai,False
5121,271,Customizable Parameters,true,general,True
5122,271,Real-time Analysis,true,general,True
5123,271,Risk Management,true,general,True
5124,271,Backtesting,false,general,False
5125,271,Social Trading,true,security,True
5126,271,Cloud Platform,true,general,True
5127,271,Secure Storage,false,general,False
5128,271,Low Fees,false,general,False
5129,272,AI Trading,false,ai,False
5130,272,DCA Support,false,general,False
5131,272,Grid Trading,true,general,True
5132,272,Signal Bot,true,general,True
5133,272,Spot Trading,true,general,True
5134,272,Futures Trading,true,general,True
5135,272,Multi-Exchange,true,general,True
5136,272,Automated Portfolio,false,ai,False
5137,272,Customizable Parameters,true,general,True
5138,272,Real-time Analysis,true,general,True
5139,272,Risk Management,true,general,True
5140,272,Backtesting,false,general,False
5141,272,Social Trading,false,security,False
5142,272,Cloud Platform,true,general,True
5143,272,Secure Storage,false,general,False
5144,272,Low Fees,false,general,False
5145,273,Real-time Alerts,true,general,True
5146,273,API Access,false,integration,False
5147,273,Customizable Dashboards,false,analytics,False
5148,273,On-chain Data,false,ai,False
5149,273,Multi-Chain Support,false,ai,False
5150,273,Historical Data,true,general,True
5151,273,Machine Learning,false,general,False
5152,273,Smart Money Tracking,false,ai,False
5153,273,NFT Insights,false,analytics,False
5154,273,DeFi Activity,false,general,False
5155,273,Institutional Grade Security,false,general,False
5156,273,Data Export,false,export,False
5157,273,Mobile Optimization,false,mobile,False
5158,273,Collaboration Tools,false,collaboration,False
5159,273,Regulatory Updates,false,general,False
5160,273,Risk Management,false,general,False
5161,274,Real-time Alerts,true,general,True
5162,274,API Access,true,integration,True
5163,274,Customizable Dashboards,true,analytics,True
5164,274,On-chain Data,true,ai,True
5165,274,Multi-Chain Support,true,ai,True
5166,274,Historical Data,true,general,True
5167,274,Machine Learning,false,general,False
5168,274,Smart Money Tracking,false,ai,False
5169,274,NFT Insights,false,analytics,False
5170,274,DeFi Activity,false,general,False
5171,274,Institutional Grade Security,true,general,True
5172,274,Data Export,true,export,True
5173,274,Mobile Optimization,false,mobile,False
5174,274,Collaboration Tools,false,collaboration,False
5175,274,Regulatory Updates,false,general,False
5176,274,Risk Management,false,general,False
5177,275,Real-time Alerts,true,general,True
5178,275,API Access,false,integration,False
5179,275,Customizable Dashboards,false,analytics,False
5180,275,On-chain Data,true,ai,True
5181,275,Multi-Chain Support,false,ai,False
5182,275,Historical Data,false,general,False
5183,275,Machine Learning,false,general,False
5184,275,Smart Money Tracking,true,ai,True
5185,275,NFT Insights,true,analytics,True
5186,275,DeFi Activity,true,general,True
5187,275,Institutional Grade Security,false,general,False
5188,275,Data Export,false,export,False
5189,275,Mobile Optimization,false,mobile,False
5190,275,Collaboration Tools,false,collaboration,False
5191,275,Regulatory Updates,false,general,False
5192,275,Risk Management,false,general,False
5193,276,Real-time Alerts,true,general,True
5194,276,API Access,false,integration,False
5195,276,Customizable Dashboards,true,analytics,True
5196,276,On-chain Data,true,ai,True
5197,276,Multi-Chain Support,false,ai,False
5198,276,Historical Data,true,general,True
5199,276,Machine Learning,false,general,False
5200,276,Smart Money Tracking,false,ai,False
5201,276,NFT Insights,false,analytics,False
5202,276,DeFi Activity,false,general,False
5203,276,Institutional Grade Security,false,general,False
5204,276,Data Export,false,export,False
5205,276,Mobile Optimization,false,mobile,False
5206,276,Collaboration Tools,false,collaboration,False
5207,276,Regulatory Updates,false,general,False
5208,276,Risk Management,true,general,True
5209,277,Real-time Alerts,true,general,True
5210,277,API Access,false,integration,False
5211,277,Customizable Dashboards,true,analytics,True
5212,277,On-chain Data,true,ai,True
5213,277,Multi-Chain Support,false,ai,False
5214,277,Historical Data,false,general,False
5215,277,Machine Learning,false,general,False
5216,277,Smart Money Tracking,false,ai,False
5217,277,NFT Insights,false,analytics,False
5218,277,DeFi Activity,false,general,False
5219,277,Institutional Grade Security,false,general,False
5220,277,Data Export,false,export,False
5221,277,Mobile Optimization,false,mobile,False
5222,277,Collaboration Tools,false,collaboration,False
5223,277,Regulatory Updates,true,general,True
5224,277,Risk Management,false,general,False
5225,278,Real-time Alerts,true,general,True
5226,278,API Access,true,integration,True
5227,278,Customizable Dashboards,true,analytics,True
5228,278,On-chain Data,true,ai,True
5229,278,Multi-Chain Support,true,ai,True
5230,278,Historical Data,true,general,True
5231,278,Machine Learning,false,general,False
5232,278,Smart Money Tracking,false,ai,False
5233,278,NFT Insights,false,analytics,False
5234,278,DeFi Activity,false,general,False
5235,278,Institutional Grade Security,false,general,False
5236,278,Data Export,false,export,False
5237,278,Mobile Optimization,true,mobile,True
5238,278,Collaboration Tools,true,collaboration,True
5239,278,Regulatory Updates,false,general,False
5240,278,Risk Management,false,general,False
5241,279,Real-time Alerts,true,general,True
5242,279,API Access,false,integration,False
5243,279,Customizable Dashboards,true,analytics,True
5244,279,On-chain Data,false,ai,False
5245,279,Multi-Chain Support,true,ai,True
5246,279,Historical Data,true,general,True
5247,279,Machine Learning,false,general,False
5248,279,Smart Money Tracking,false,ai,False
5249,279,NFT Insights,false,analytics,False
5250,279,DeFi Activity,true,general,True
5251,279,Institutional Grade Security,false,general,False
5252,279,Data Export,false,export,False
5253,279,Mobile Optimization,false,mobile,False
5254,279,Collaboration Tools,false,collaboration,False
5255,279,Regulatory Updates,false,general,False
5256,279,Risk Management,false,general,False
5257,280,Real-time Alerts,true,general,True
5258,280,API Access,false,integration,False
5259,280,Customizable Dashboards,true,analytics,True
5260,280,On-chain Data,true,ai,True
5261,280,Multi-Chain Support,false,ai,False
5262,280,Historical Data,false,general,False
5263,280,Machine Learning,true,general,True
5264,280,Smart Money Tracking,false,ai,False
5265,280,NFT Insights,false,analytics,False
5266,280,DeFi Activity,true,general,True
5267,280,Institutional Grade Security,false,general,False
5268,280,Data Export,false,export,False
5269,280,Mobile Optimization,false,mobile,False
5270,280,Collaboration Tools,false,collaboration,False
5271,280,Regulatory Updates,false,general,False
5272,280,Risk Management,true,general,True
5273,281,Crypto Tax Calculator,true,general,True
5274,281,Portfolio Tracker,true,general,True
5275,281,Multi-Exchange Support,true,general,True
5276,281,DeFi Integration,true,integration,True
5277,281,Wallet Connection,true,general,True
5278,281,Tax Loss Harvesting,true,general,True
5279,281,Capital Gains Tracking,true,integration,True
5280,281,Audit-Ready Reports,true,security,True
5281,281,Real-Time Updates,true,general,True
5282,281,Automated Filing,false,ai,False
5283,281,TurboTax Support,false,general,False
5284,281,CPA Access,false,general,False
5285,281,Customizable Reports,false,analytics,False
5286,281,Priority Support,false,general,False
5287,281,Multi-Chain Support,false,ai,False
5288,281,NFT Tracking,false,general,False
5289,281,Global Tax Support,false,general,False
5290,282,Crypto Tax Calculator,false,general,False
5291,282,Portfolio Tracker,true,general,True
5292,282,Multi-Exchange Support,true,general,True
5293,282,DeFi Integration,false,integration,False
5294,282,Wallet Connection,false,general,False
5295,282,Tax Loss Harvesting,true,general,True
5296,282,Capital Gains Tracking,true,integration,True
5297,282,Audit-Ready Reports,false,security,False
5298,282,Real-Time Updates,true,general,True
5299,282,Automated Filing,true,ai,True
5300,282,TurboTax Support,true,general,True
5301,282,CPA Access,false,general,False
5302,282,Customizable Reports,false,analytics,False
5303,282,Priority Support,false,general,False
5304,282,Multi-Chain Support,false,ai,False
5305,282,NFT Tracking,false,general,False
5306,282,Global Tax Support,false,general,False
5307,283,Crypto Tax Calculator,false,general,False
5308,283,Portfolio Tracker,true,general,True
5309,283,Multi-Exchange Support,true,general,True
5310,283,DeFi Integration,true,integration,True
5311,283,Wallet Connection,false,general,False
5312,283,Tax Loss Harvesting,true,general,True
5313,283,Capital Gains Tracking,false,integration,False
5314,283,Audit-Ready Reports,true,security,True
5315,283,Real-Time Updates,true,general,True
5316,283,Automated Filing,false,ai,False
5317,283,TurboTax Support,false,general,False
5318,283,CPA Access,true,general,True
5319,283,Customizable Reports,true,analytics,True
5320,283,Priority Support,true,general,True
5321,283,Multi-Chain Support,false,ai,False
5322,283,NFT Tracking,false,general,False
5323,283,Global Tax Support,false,general,False
5324,284,Crypto Tax Calculator,false,general,False
5325,284,Portfolio Tracker,false,general,False
5326,284,Multi-Exchange Support,false,general,False
5327,284,DeFi Integration,true,integration,True
5328,284,Wallet Connection,false,general,False
5329,284,Tax Loss Harvesting,true,general,True
5330,284,Capital Gains Tracking,false,integration,False
5331,284,Audit-Ready Reports,true,security,True
5332,284,Real-Time Updates,true,general,True
5333,284,Automated Filing,false,ai,False
5334,284,TurboTax Support,true,general,True
5335,284,CPA Access,true,general,True
5336,284,Customizable Reports,false,analytics,False
5337,284,Priority Support,false,general,False
5338,284,Multi-Chain Support,true,ai,True
5339,284,NFT Tracking,true,general,True
5340,284,Global Tax Support,false,general,False
5341,285,Crypto Tax Calculator,true,general,True
5342,285,Portfolio Tracker,false,general,False
5343,285,Multi-Exchange Support,false,general,False
5344,285,DeFi Integration,false,integration,False
5345,285,Wallet Connection,false,general,False
5346,285,Tax Loss Harvesting,true,general,True
5347,285,Capital Gains Tracking,true,integration,True
5348,285,Audit-Ready Reports,false,security,False
5349,285,Real-Time Updates,false,general,False
5350,285,Automated Filing,false,ai,False
5351,285,TurboTax Support,false,general,False
5352,285,CPA Access,true,general,True
5353,285,Customizable Reports,false,analytics,False
5354,285,Priority Support,false,general,False
5355,285,Multi-Chain Support,false,ai,False
5356,285,NFT Tracking,false,general,False
5357,285,Global Tax Support,false,general,False
5358,286,Crypto Tax Calculator,false,general,False
5359,286,Portfolio Tracker,true,general,True
5360,286,Multi-Exchange Support,true,general,True
5361,286,DeFi Integration,false,integration,False
5362,286,Wallet Connection,false,general,False
5363,286,Tax Loss Harvesting,true,general,True
5364,286,Capital Gains Tracking,false,integration,False
5365,286,Audit-Ready Reports,false,security,False
5366,286,Real-Time Updates,true,general,True
5367,286,Automated Filing,false,ai,False
5368,286,TurboTax Support,false,general,False
5369,286,CPA Access,false,general,False
5370,286,Customizable Reports,true,analytics,True
5371,286,Priority Support,false,general,False
5372,286,Multi-Chain Support,false,ai,False
5373,286,NFT Tracking,false,general,False
5374,286,Global Tax Support,true,general,True
5375,287,Real-time Tracking,true,general,True
5376,287,Multi-exchange Support,true,general,True
5377,287,DeFi Integration,true,integration,True
5378,287,Price Alerts,true,general,True
5379,287,Wallet Management,true,general,True
5380,287,Transaction Tracking,true,general,True
5381,287,Portfolio Analytics,true,analytics,True
5382,287,Risk Management,true,general,True
5383,287,Mobile App,true,mobile,True
5384,287,Customizable Dashboard,true,analytics,True
5385,287,Security Audits,true,security,True
5386,287,Customer Support,true,general,True
5387,287,Tax Reporting,false,analytics,False
5388,287,Multi-asset Support,false,general,False
5389,287,NFT Support,false,general,False
5390,287,Cross-Chain Swaps,false,ai,False
5391,287,Decentralized Storage,false,general,False
5392,288,Real-time Tracking,true,general,True
5393,288,Multi-exchange Support,false,general,False
5394,288,DeFi Integration,false,integration,False
5395,288,Price Alerts,true,general,True
5396,288,Wallet Management,false,general,False
5397,288,Transaction Tracking,true,general,True
5398,288,Portfolio Analytics,true,analytics,True
5399,288,Risk Management,true,general,True
5400,288,Mobile App,false,mobile,False
5401,288,Customizable Dashboard,true,analytics,True
5402,288,Security Audits,false,security,False
5403,288,Customer Support,false,general,False
5404,288,Tax Reporting,true,analytics,True
5405,288,Multi-asset Support,true,general,True
5406,288,NFT Support,false,general,False
5407,288,Cross-Chain Swaps,false,ai,False
5408,288,Decentralized Storage,false,general,False
5409,289,Real-time Tracking,true,general,True
5410,289,Multi-exchange Support,false,general,False
5411,289,DeFi Integration,true,integration,True
5412,289,Price Alerts,false,general,False
5413,289,Wallet Management,true,general,True
5414,289,Transaction Tracking,true,general,True
5415,289,Portfolio Analytics,true,analytics,True
5416,289,Risk Management,true,general,True
5417,289,Mobile App,false,mobile,False
5418,289,Customizable Dashboard,false,analytics,False
5419,289,Security Audits,false,security,False
5420,289,Customer Support,false,general,False
5421,289,Tax Reporting,false,analytics,False
5422,289,Multi-asset Support,true,general,True
5423,289,NFT Support,true,general,True
5424,289,Cross-Chain Swaps,true,ai,True
5425,289,Decentralized Storage,false,general,False
5426,290,Real-time Tracking,true,general,True
5427,290,Multi-exchange Support,false,general,False
5428,290,DeFi Integration,true,integration,True
5429,290,Price Alerts,true,general,True
5430,290,Wallet Management,true,general,True
5431,290,Transaction Tracking,true,general,True
5432,290,Portfolio Analytics,true,analytics,True
5433,290,Risk Management,false,general,False
5434,290,Mobile App,false,mobile,False
5435,290,Customizable Dashboard,false,analytics,False
5436,290,Security Audits,false,security,False
5437,290,Customer Support,false,general,False
5438,290,Tax Reporting,false,analytics,False
5439,290,Multi-asset Support,true,general,True
5440,290,NFT Support,false,general,False
5441,290,Cross-Chain Swaps,false,ai,False
5442,290,Decentralized Storage,true,general,True
5443,291,Real-time Tracking,true,general,True
5444,291,Multi-exchange Support,false,general,False
5445,291,DeFi Integration,false,integration,False
5446,291,Price Alerts,true,general,True
5447,291,Wallet Management,false,general,False
5448,291,Transaction Tracking,false,general,False
5449,291,Portfolio Analytics,true,analytics,True
5450,291,Risk Management,false,general,False
5451,291,Mobile App,true,mobile,True
5452,291,Customizable Dashboard,false,analytics,False
5453,291,Security Audits,false,security,False
5454,291,Customer Support,false,general,False
5455,291,Tax Reporting,false,analytics,False
5456,291,Multi-asset Support,true,general,True
5457,291,NFT Support,false,general,False
5458,291,Cross-Chain Swaps,false,ai,False
5459,291,Decentralized Storage,false,general,False
5460,292,Decentralized Exchange,true,general,True
5461,292,Cross-Chain Support,true,ai,True
5462,292,Low Slippage,true,general,True
5463,292,Real-Time Updates,true,general,True
5464,292,Liquidity Provisioning,true,general,True
5465,292,Non-Custodial,true,general,True
5466,292,User-Friendly Interface,true,general,True
5467,292,Limit Orders,false,general,False
5468,292,Multi-Chain Swaps,true,ai,True
5469,292,Gas Optimization,true,general,True
5470,292,Advanced Trading,false,general,False
5471,292,Secure Wallet,false,general,False
5472,292,API Access,false,integration,False
5473,292,Customizable Dashboard,false,analytics,False
5474,292,Real-Time Market Data,true,general,True
5475,292,Risk Management,false,general,False
5476,293,Decentralized Exchange,true,general,True
5477,293,Cross-Chain Support,false,ai,False
5478,293,Low Slippage,false,general,False
5479,293,Real-Time Updates,true,general,True
5480,293,Liquidity Provisioning,false,general,False
5481,293,Non-Custodial,false,general,False
5482,293,User-Friendly Interface,true,general,True
5483,293,Limit Orders,true,general,True
5484,293,Multi-Chain Swaps,false,ai,False
5485,293,Gas Optimization,false,general,False
5486,293,Advanced Trading,true,general,True
5487,293,Secure Wallet,true,general,True
5488,293,API Access,false,integration,False
5489,293,Customizable Dashboard,false,analytics,False
5490,293,Real-Time Market Data,true,general,True
5491,293,Risk Management,false,general,False
5492,294,Decentralized Exchange,true,general,True
5493,294,Cross-Chain Support,true,ai,True
5494,294,Low Slippage,true,general,True
5495,294,Real-Time Updates,true,general,True
5496,294,Liquidity Provisioning,false,general,False
5497,294,Non-Custodial,false,general,False
5498,294,User-Friendly Interface,false,general,False
5499,294,Limit Orders,false,general,False
5500,294,Multi-Chain Swaps,true,ai,True
5501,294,Gas Optimization,true,general,True
5502,294,Advanced Trading,true,general,True
5503,294,Secure Wallet,false,general,False
5504,294,API Access,false,integration,False
5505,294,Customizable Dashboard,false,analytics,False
5506,294,Real-Time Market Data,true,general,True
5507,294,Risk Management,false,general,False
5508,295,Decentralized Exchange,false,general,False
5509,295,Cross-Chain Support,true,ai,True
5510,295,Low Slippage,false,general,False
5511,295,Real-Time Updates,true,general,True
5512,295,Liquidity Provisioning,false,general,False
5513,295,Non-Custodial,false,general,False
5514,295,User-Friendly Interface,true,general,True
5515,295,Limit Orders,false,general,False
5516,295,Multi-Chain Swaps,false,ai,False
5517,295,Gas Optimization,false,general,False
5518,295,Advanced Trading,false,general,False
5519,295,Secure Wallet,false,general,False
5520,295,API Access,false,integration,False
5521,295,Customizable Dashboard,true,analytics,True
5522,295,Real-Time Market Data,true,general,True
5523,295,Risk Management,true,general,True
5524,296,Decentralized Exchange,false,general,False
5525,296,Cross-Chain Support,true,ai,True
5526,296,Low Slippage,false,general,False
5527,296,Real-Time Updates,true,general,True
5528,296,Liquidity Provisioning,false,general,False
5529,296,Non-Custodial,false,general,False
5530,296,User-Friendly Interface,false,general,False
5531,296,Limit Orders,false,general,False
5532,296,Multi-Chain Swaps,false,ai,False
5533,296,Gas Optimization,false,general,False
5534,296,Advanced Trading,false,general,False
5535,296,Secure Wallet,false,general,False
5536,296,API Access,true,integration,True
5537,296,Customizable Dashboard,true,analytics,True
5538,296,Real-Time Market Data,true,general,True
5539,296,Risk Management,false,general,False
5540,297,Mobile App,true,mobile,True
5541,297,API Access,true,integration,True
5542,297,Low Fees,true,general,True
5543,297,Multi-Language,true,general,True
5544,297,Futures Trading,true,general,True
5545,297,Leverage Trading,true,general,True
5546,297,Margin Trading,false,general,False
5547,297,Staking Rewards,true,general,True
5548,297,Copy Trading,false,general,False
5549,297,Real-Time Data,true,general,True
5550,297,Advanced Security,true,general,True
5551,297,Crypto Lending,false,general,False
5552,297,Spot Trading,true,general,True
5553,297,Options Trading,false,general,False
5554,297,Regulatory Compliance,false,security,False
5555,297,High Liquidity,true,general,True
5556,298,Mobile App,true,mobile,True
5557,298,API Access,true,integration,True
5558,298,Low Fees,true,general,True
5559,298,Multi-Language,true,general,True
5560,298,Futures Trading,false,general,False
5561,298,Leverage Trading,false,general,False
5562,298,Margin Trading,false,general,False
5563,298,Staking Rewards,true,general,True
5564,298,Copy Trading,false,general,False
5565,298,Real-Time Data,true,general,True
5566,298,Advanced Security,true,general,True
5567,298,Crypto Lending,false,general,False
5568,298,Spot Trading,true,general,True
5569,298,Options Trading,false,general,False
5570,298,Regulatory Compliance,true,security,True
5571,298,High Liquidity,true,general,True
5572,299,Mobile App,true,mobile,True
5573,299,API Access,true,integration,True
5574,299,Low Fees,true,general,True
5575,299,Multi-Language,true,general,True
5576,299,Futures Trading,true,general,True
5577,299,Leverage Trading,true,general,True
5578,299,Margin Trading,true,general,True
5579,299,Staking Rewards,true,general,True
5580,299,Copy Trading,false,general,False
5581,299,Real-Time Data,false,general,False
5582,299,Advanced Security,true,general,True
5583,299,Crypto Lending,false,general,False
5584,299,Spot Trading,false,general,False
5585,299,Options Trading,false,general,False
5586,299,Regulatory Compliance,true,security,True
5587,299,High Liquidity,true,general,True
5588,300,Mobile App,true,mobile,True
5589,300,API Access,false,integration,False
5590,300,Low Fees,false,general,False
5591,300,Multi-Language,true,general,True
5592,300,Futures Trading,true,general,True
5593,300,Leverage Trading,true,general,True
5594,300,Margin Trading,true,general,True
5595,300,Staking Rewards,false,general,False
5596,300,Copy Trading,true,general,True
5597,300,Real-Time Data,true,general,True
5598,300,Advanced Security,false,general,False
5599,300,Crypto Lending,false,general,False
5600,300,Spot Trading,false,general,False
5601,300,Options Trading,false,general,False
5602,300,Regulatory Compliance,false,security,False
5603,300,High Liquidity,false,general,False
5604,301,Mobile App,true,mobile,True
5605,301,API Access,false,integration,False
5606,301,Low Fees,false,general,False
5607,301,Multi-Language,false,general,False
5608,301,Futures Trading,true,general,True
5609,301,Leverage Trading,true,general,True
5610,301,Margin Trading,false,general,False
5611,301,Staking Rewards,true,general,True
5612,301,Copy Trading,true,general,True
5613,301,Real-Time Data,false,general,False
5614,301,Advanced Security,false,general,False
5615,301,Crypto Lending,true,general,True
5616,301,Spot Trading,true,general,True
5617,301,Options Trading,true,general,True
5618,301,Regulatory Compliance,false,security,False
5619,301,High Liquidity,false,general,False
5620,302,Mobile App,true,mobile,True
5621,302,API Access,false,integration,False
5622,302,Low Fees,true,general,True
5623,302,Multi-Language,false,general,False
5624,302,Futures Trading,true,general,True
5625,302,Leverage Trading,true,general,True
5626,302,Margin Trading,true,general,True
5627,302,Staking Rewards,true,general,True
5628,302,Copy Trading,false,general,False
5629,302,Real-Time Data,false,general,False
5630,302,Advanced Security,true,general,True
5631,302,Crypto Lending,true,general,True
5632,302,Spot Trading,true,general,True
5633,302,Options Trading,false,general,False
5634,302,Regulatory Compliance,false,security,False
5635,302,High Liquidity,false,general,False
5636,303,Mobile App,true,mobile,True
5637,303,API Access,true,integration,True
5638,303,Low Fees,true,general,True
5639,303,Multi-Language,false,general,False
5640,303,Futures Trading,false,general,False
5641,303,Leverage Trading,true,general,True
5642,303,Margin Trading,false,general,False
5643,303,Staking Rewards,false,general,False
5644,303,Copy Trading,true,general,True
5645,303,Real-Time Data,true,general,True
5646,303,Advanced Security,true,general,True
5647,303,Crypto Lending,false,general,False
5648,303,Spot Trading,true,general,True
5649,303,Options Trading,false,general,False
5650,303,Regulatory Compliance,false,security,False
5651,303,High Liquidity,true,general,True
5652,304,Mobile App,true,mobile,True
5653,304,API Access,false,integration,False
5654,304,Low Fees,true,general,True
5655,304,Multi-Language,true,general,True
5656,304,Futures Trading,true,general,True
5657,304,Leverage Trading,true,general,True
5658,304,Margin Trading,false,general,False
5659,304,Staking Rewards,false,general,False
5660,304,Copy Trading,true,general,True
5661,304,Real-Time Data,true,general,True
5662,304,Advanced Security,false,general,False
5663,304,Crypto Lending,false,general,False
5664,304,Spot Trading,false,general,False
5665,304,Options Trading,false,general,False
5666,304,Regulatory Compliance,false,security,False
5667,304,High Liquidity,false,general,False
5668,305,Multi-Chain Support,true,ai,True
5669,305,Token Sniping,true,general,True
5670,305,Automated Buying,true,ai,True
5671,305,Smart Selling,true,ai,True
5672,305,Real-Time Alerts,true,general,True
5673,305,Customizable Settings,true,general,True
5674,305,Ethereum Integration,true,integration,True
5675,305,Solana Support,true,general,True
5676,305,Secure Transactions,true,general,True
5677,305,Advanced Analytics,true,analytics,True
5678,305,Limit Order,false,general,False
5679,305,Auto-Buy Feature,false,general,False
5680,305,Telegram Integration,true,integration,True
5681,305,Copy Trading,false,general,False
5682,305,Risk Management,false,general,False
5683,306,Multi-Chain Support,true,ai,True
5684,306,Token Sniping,true,general,True
5685,306,Automated Buying,true,ai,True
5686,306,Smart Selling,false,ai,False
5687,306,Real-Time Alerts,false,general,False
5688,306,Customizable Settings,true,general,True
5689,306,Ethereum Integration,true,integration,True
5690,306,Solana Support,true,general,True
5691,306,Secure Transactions,false,general,False
5692,306,Advanced Analytics,false,analytics,False
5693,306,Limit Order,true,general,True
5694,306,Auto-Buy Feature,true,general,True
5695,306,Telegram Integration,true,integration,True
5696,306,Copy Trading,false,general,False
5697,306,Risk Management,false,general,False
5698,307,Multi-Chain Support,false,ai,False
5699,307,Token Sniping,false,general,False
5700,307,Automated Buying,false,ai,False
5701,307,Smart Selling,false,ai,False
5702,307,Real-Time Alerts,true,general,True
5703,307,Customizable Settings,true,general,True
5704,307,Ethereum Integration,false,integration,False
5705,307,Solana Support,true,general,True
5706,307,Secure Transactions,false,general,False
5707,307,Advanced Analytics,false,analytics,False
5708,307,Limit Order,false,general,False
5709,307,Auto-Buy Feature,false,general,False
5710,307,Telegram Integration,true,integration,True
5711,307,Copy Trading,false,general,False
5712,307,Risk Management,false,general,False
5713,308,Multi-Chain Support,false,ai,False
5714,308,Token Sniping,false,general,False
5715,308,Automated Buying,false,ai,False
5716,308,Smart Selling,false,ai,False
5717,308,Real-Time Alerts,true,general,True
5718,308,Customizable Settings,true,general,True
5719,308,Ethereum Integration,false,integration,False
5720,308,Solana Support,true,general,True
5721,308,Secure Transactions,false,general,False
5722,308,Advanced Analytics,true,analytics,True
5723,308,Limit Order,true,general,True
5724,308,Auto-Buy Feature,false,general,False
5725,308,Telegram Integration,true,integration,True
5726,308,Copy Trading,true,general,True
5727,308,Risk Management,false,general,False
5728,309,Multi-Chain Support,false,ai,False
5729,309,Token Sniping,false,general,False
5730,309,Automated Buying,false,ai,False
5731,309,Smart Selling,false,ai,False
5732,309,Real-Time Alerts,true,general,True
5733,309,Customizable Settings,true,general,True
5734,309,Ethereum Integration,false,integration,False
5735,309,Solana Support,true,general,True
5736,309,Secure Transactions,true,general,True
5737,309,Advanced Analytics,false,analytics,False
5738,309,Limit Order,true,general,True
5739,309,Auto-Buy Feature,false,general,False
5740,309,Telegram Integration,true,integration,True
5741,309,Copy Trading,false,general,False
5742,309,Risk Management,false,general,False
5743,310,Multi-Chain Support,true,ai,True
5744,310,Token Sniping,true,general,True
5745,310,Automated Buying,true,ai,True
5746,310,Smart Selling,false,ai,False
5747,310,Real-Time Alerts,true,general,True
5748,310,Customizable Settings,true,general,True
5749,310,Ethereum Integration,false,integration,False
5750,310,Solana Support,false,general,False
5751,310,Secure Transactions,true,general,True
5752,310,Advanced Analytics,true,analytics,True
5753,310,Limit Order,false,general,False
5754,310,Auto-Buy Feature,true,general,True
5755,310,Telegram Integration,true,integration,True
5756,310,Copy Trading,false,general,False
5757,310,Risk Management,false,general,False
5758,311,Multi-Chain Support,true,ai,True
5759,311,Token Sniping,true,general,True
5760,311,Automated Buying,true,ai,True
5761,311,Smart Selling,true,ai,True
5762,311,Real-Time Alerts,true,general,True
5763,311,Customizable Settings,true,general,True
5764,311,Ethereum Integration,true,integration,True
5765,311,Solana Support,true,general,True
5766,311,Secure Transactions,true,general,True
5767,311,Advanced Analytics,false,analytics,False
5768,311,Limit Order,true,general,True
5769,311,Auto-Buy Feature,true,general,True
5770,311,Telegram Integration,true,integration,True
5771,311,Copy Trading,true,general,True
5772,311,Risk Management,true,general,True
5773,312,Multi-Chain Support,false,ai,False
5774,312,Token Sniping,true,general,True
5775,312,Automated Buying,true,ai,True
5776,312,Smart Selling,true,ai,True
5777,312,Real-Time Alerts,true,general,True
5778,312,Customizable Settings,true,general,True
5779,312,Ethereum Integration,false,integration,False
5780,312,Solana Support,true,general,True
5781,312,Secure Transactions,false,general,False
5782,312,Advanced Analytics,false,analytics,False
5783,312,Limit Order,true,general,True
5784,312,Auto-Buy Feature,true,general,True
5785,312,Telegram Integration,true,integration,True
5786,312,Copy Trading,true,general,True
5787,312,Risk Management,false,general,False
5788,313,Ethereum Support,true,general,True
5789,313,Browser Extension,true,general,True
5790,313,Mobile App,true,mobile,True
5791,313,Swap Integration,true,integration,True
5792,313,Private Key Security,true,general,True
5793,313,Seed Phrase Backup,true,export,True
5794,313,NFT Management,true,general,True
5795,313,Decentralized App Access,true,mobile,True
5796,313,Multi-Chain Support,true,ai,True
5797,313,Wallet Encryption,true,security,True
5798,313,Built-in Swap,true,general,True
5799,313,NFT Storage,true,general,True
5800,313,Real-time Price Updates,false,general,False
5801,313,Biometric Authentication,false,analytics,False
5802,313,DeFi Integration,false,integration,False
5803,313,Hardware Wallet Protection,false,general,False
5804,314,Ethereum Support,true,general,True
5805,314,Browser Extension,false,general,False
5806,314,Mobile App,false,mobile,False
5807,314,Swap Integration,true,integration,True
5808,314,Private Key Security,false,general,False
5809,314,Seed Phrase Backup,false,export,False
5810,314,NFT Management,true,general,True
5811,314,Decentralized App Access,true,mobile,True
5812,314,Multi-Chain Support,true,ai,True
5813,314,Wallet Encryption,false,security,False
5814,314,Built-in Swap,true,general,True
5815,314,NFT Storage,true,general,True
5816,314,Real-time Price Updates,true,general,True
5817,314,Biometric Authentication,false,analytics,False
5818,314,DeFi Integration,true,integration,True
5819,314,Hardware Wallet Protection,false,general,False
5820,315,Ethereum Support,true,general,True
5821,315,Browser Extension,false,general,False
5822,315,Mobile App,true,mobile,True
5823,315,Swap Integration,false,integration,False
5824,315,Private Key Security,true,general,True
5825,315,Seed Phrase Backup,true,export,True
5826,315,NFT Management,false,general,False
5827,315,Decentralized App Access,true,mobile,True
5828,315,Multi-Chain Support,true,ai,True
5829,315,Wallet Encryption,false,security,False
5830,315,Built-in Swap,false,general,False
5831,315,NFT Storage,false,general,False
5832,315,Real-time Price Updates,true,general,True
5833,315,Biometric Authentication,true,analytics,True
5834,315,DeFi Integration,true,integration,True
5835,315,Hardware Wallet Protection,false,general,False
5836,316,Ethereum Support,true,general,True
5837,316,Browser Extension,false,general,False
5838,316,Mobile App,true,mobile,True
5839,316,Swap Integration,true,integration,True
5840,316,Private Key Security,true,general,True
5841,316,Seed Phrase Backup,true,export,True
5842,316,NFT Management,true,general,True
5843,316,Decentralized App Access,true,mobile,True
5844,316,Multi-Chain Support,true,ai,True
5845,316,Wallet Encryption,true,security,True
5846,316,Built-in Swap,false,general,False
5847,316,NFT Storage,true,general,True
5848,316,Real-time Price Updates,true,general,True
5849,316,Biometric Authentication,false,analytics,False
5850,316,DeFi Integration,true,integration,True
5851,316,Hardware Wallet Protection,true,general,True
5852,317,Ethereum Support,true,general,True
5853,317,Browser Extension,false,general,False
5854,317,Mobile App,false,mobile,False
5855,317,Swap Integration,false,integration,False
5856,317,Private Key Security,true,general,True
5857,317,Seed Phrase Backup,true,export,True
5858,317,NFT Management,false,general,False
5859,317,Decentralized App Access,false,mobile,False
5860,317,Multi-Chain Support,true,ai,True
5861,317,Wallet Encryption,true,security,True
5862,317,Built-in Swap,false,general,False
5863,317,NFT Storage,false,general,False
5864,317,Real-time Price Updates,false,general,False
5865,317,Biometric Authentication,false,analytics,False
5866,317,DeFi Integration,false,integration,False
5867,317,Hardware Wallet Protection,true,general,True
5868,318,Ethereum Support,true,general,True
5869,318,Browser Extension,false,general,False
5870,318,Mobile App,true,mobile,True
5871,318,Swap Integration,true,integration,True
5872,318,Private Key Security,true,general,True
5873,318,Seed Phrase Backup,true,export,True
5874,318,NFT Management,false,general,False
5875,318,Decentralized App Access,true,mobile,True
5876,318,Multi-Chain Support,true,ai,True
5877,318,Wallet Encryption,true,security,True
5878,318,Built-in Swap,true,general,True
5879,318,NFT Storage,false,general,False
5880,318,Real-time Price Updates,true,general,True
5881,318,Biometric Authentication,false,analytics,False
5882,318,DeFi Integration,false,integration,False
5883,318,Hardware Wallet Protection,true,general,True
5884,319,Ethereum Support,true,general,True
5885,319,Browser Extension,true,general,True
5886,319,Mobile App,false,mobile,False
5887,319,Swap Integration,true,integration,True
5888,319,Private Key Security,true,general,True
5889,319,Seed Phrase Backup,true,export,True
5890,319,NFT Management,true,general,True
5891,319,Decentralized App Access,true,mobile,True
5892,319,Multi-Chain Support,true,ai,True
5893,319,Wallet Encryption,true,security,True
5894,319,Built-in Swap,true,general,True
5895,319,NFT Storage,true,general,True
5896,319,Real-time Price Updates,true,general,True
5897,319,Biometric Authentication,false,analytics,False
5898,319,DeFi Integration,true,integration,True
5899,319,Hardware Wallet Protection,false,general,False
5900,320,Ethereum Support,true,general,True
5901,320,Browser Extension,false,general,False
5902,320,Mobile App,true,mobile,True
5903,320,Swap Integration,true,integration,True
5904,320,Private Key Security,true,general,True
5905,320,Seed Phrase Backup,true,export,True
5906,320,NFT Management,true,general,True
5907,320,Decentralized App Access,true,mobile,True
5908,320,Multi-Chain Support,true,ai,True
5909,320,Wallet Encryption,true,security,True
5910,320,Built-in Swap,true,general,True
5911,320,NFT Storage,true,general,True
5912,320,Real-time Price Updates,false,general,False
5913,320,Biometric Authentication,false,analytics,False
5914,320,DeFi Integration,true,integration,True
5915,320,Hardware Wallet Protection,false,general,False
5916,321,AMM automated market maker model,true,ai,True
5917,321,Concentrated liquidity (V3) for capital efficiency,true,integration,True
5918,321,"Multiple fee tiers: 0.01%, 0.05%, 0.3%, 1%",true,general,True
5919,321,Permissionless pool creation for any ERC-20,true,security,True
5920,321,"Multi-chain: Ethereum, Arbitrum, Optimism, Base, Polygon, BNB Chain, Avalanche",true,ai,True
5921,321,Flash loans and atomic swaps,true,general,True
5922,321,Universal Router for multi-hop efficient trades,true,general,True
5923,321,UNI governance token and DAO,true,general,True
5924,321,Non-custodial self-sovereign trading,true,general,True
5925,321,Uniswap mobile wallet app,true,mobile,True
5926,321,Uniswap Info analytics dashboard,true,analytics,True
5927,321,NFT marketplace integration,true,integration,True
5928,322,AMM swap on BNB Smart Chain with low fees,true,ai,True
5929,322,Concentrated liquidity pools (V3),true,general,True
5930,322,Yield farming with CAKE token rewards,true,general,True
5931,322,Syrup Pools for single-token staking,true,general,True
5932,322,IFO launchpad for new project token sales,true,general,True
5933,322,NFT marketplace and on-chain profile system,true,ai,True
5934,322,Lottery and binary prediction markets,true,general,True
5935,322,"Multi-chain deployment (BSC, Ethereum, Aptos, zkSync)",true,ai,True
5936,322,CAKE governance token with deflationary burning,true,general,True
5937,322,Portfolio tracker and earnings dashboard,true,analytics,True
5938,322,Bridge integration for cross-chain asset movement,true,integration,True
5939,323,AMM with on-chain order book (OpenBook) integration,true,integration,True
5940,323,Concentrated Liquidity Market Maker (CLMM) pools,true,general,True
5941,323,Solana-native SPL token support,true,general,True
5942,323,Yield farming with RAY and partner token rewards,true,general,True
5943,323,AcceleRaytor launchpad for new Solana projects,true,general,True
5944,323,Fusion Pools for liquidity mining campaigns,true,ai,True
5945,323,Portfolio and LP position management dashboard,true,analytics,True
5946,323,RAY governance token with staking rewards,true,general,True
5947,323,Real-time price and TVL analytics,true,analytics,True
5948,323,API access for bots and integrations,true,integration,True
5949,323,Jupiter aggregator routing integration,true,integration,True
5950,324,Whirlpools concentrated liquidity for capital efficiency,true,integration,True
5951,324,Clean and intuitive swap interface for retail users,true,ai,True
5952,324,Fair price indicator showing market price deviation,true,ai,True
5953,324,Aqua Farms for liquidity mining rewards,true,general,True
5954,324,Double-Dip multi-token reward stacking,true,general,True
5955,324,SOL and SPL token support across all Solana tokens,true,general,True
5956,324,ORCA governance token with staking,true,general,True
5957,324,Developer-friendly SDK and API for integrations,true,integration,True
5958,324,Position management dashboard for LP ranges,true,analytics,True
5959,324,Real-time analytics for pool TVL and volume,true,analytics,True
5960,324,WalletConnect and major Solana wallet support,true,general,True
5961,325,StableSwap invariant for near-zero stablecoin slippage,true,general,True
5962,325,Specialized pools for stablecoins and pegged assets,true,general,True
5963,325,veCRV vote-escrowed tokenomics and governance,true,general,True
5964,325,CRV gauge voting for liquidity emissions direction,true,general,True
5965,325,Meta-pools combining assets with existing base pools,true,general,True
5966,325,Curve V2 for volatile asset concentrated liquidity,true,general,True
5967,325,Cross-chain deployment on 10+ networks,true,ai,True
5968,325,"Lending pool integration (Compound, Aave, Yearn)",true,integration,True
5969,325,Boosted yield for veCRV holders (up to 2.5x),true,general,True
5970,325,Curve DAO governance for protocol parameters,true,general,True
5971,325,Convex Finance integration for enhanced yield,true,integration,True
5972,326,Multi-chain AMM on 30+ blockchain networks,true,ai,True
5973,326,Concentrated liquidity pools (Sushi V3),true,general,True
5974,326,BentoBox capital efficiency vault system,true,integration,True
5975,326,Kashi isolated margin lending and borrowing,true,general,True
5976,326,MISO launchpad for token sales,true,general,True
5977,326,Furo token streaming and vesting contracts,true,general,True
5978,326,xSUSHI staking for fee revenue sharing,true,general,True
5979,326,SUSHI governance token with DAO voting,true,general,True
5980,326,Smart order routing across chains,true,ai,True
5981,326,Real-time analytics and LP position dashboard,true,analytics,True
5982,326,Cross-chain bridge integrations,true,integration,True
5983,327,Perpetual futures trading on 35+ crypto assets,true,general,True
5984,327,Up to 20x leverage with cross-margin accounts,true,general,True
5985,327,Off-chain order book with on-chain settlement,true,ai,True
5986,327,Own Layer 1 blockchain (dYdX Chain on Cosmos),true,ai,True
5987,327,Maker-taker fee model with volume-based tiers,true,general,True
5988,327,DYDX governance token and staking rewards,true,general,True
5989,327,Advanced charting and trading interface,true,analytics,True
5990,327,Portfolio and risk management dashboard,true,analytics,True
5991,327,API access for algorithmic and bot trading,true,integration,True
5992,327,Isolated margin mode for individual positions,true,general,True
5993,327,Real-time market depth and order book data,true,general,True
5994,328,Liquidity Book (LB) discrete bin AMM model,true,general,True
5995,328,Zero-slippage swaps within price bins,true,general,True
5996,328,Auto-Pools for passive concentrated liquidity management,true,general,True
5997,328,"Multi-chain: Avalanche, Arbitrum, BNB Chain, Ethereum",true,ai,True
5998,328,Rocket Joe launchpad for new project launches,true,general,True
5999,328,JOE token staking for protocol fee revenue,true,general,True
6000,328,JOE governance DAO voting,true,general,True
6001,328,Real-time bin visualization analytics,true,analytics,True
6002,328,Smart routing across AMM and LB pools,true,ai,True
6003,328,Yield farming with JOE and partner token rewards,true,general,True
6004,328,API access for algorithmic trading and integrations,true,integration,True
6005,329,Ethereum Support,true,general,True
6006,329,Browser Extension,false,general,False
6007,329,Mobile App,true,mobile,True
6008,329,Swap Integration,true,integration,True
6009,329,Private Key Security,true,general,True
6010,329,Seed Phrase Backup,true,export,True
6011,329,NFT Management,true,general,True
6012,329,Decentralized App Access,true,mobile,True
6013,329,Multi-Chain Support,true,ai,True
6014,329,Wallet Encryption,true,security,True
6015,329,Built-in Swap,true,general,True
6016,329,NFT Storage,true,general,True
6017,329,Real-time Price Updates,true,general,True
6018,329,Biometric Authentication,false,analytics,False
6019,329,DeFi Integration,true,integration,True
6020,329,Hardware Wallet Protection,true,general,True
6021,330,Ethereum Support,true,general,True
6022,330,Browser Extension,false,general,False
6023,330,Mobile App,true,mobile,True
6024,330,Swap Integration,false,integration,False
6025,330,Private Key Security,true,general,True
6026,330,Seed Phrase Backup,false,export,False
6027,330,NFT Management,true,general,True
6028,330,Decentralized App Access,true,mobile,True
6029,330,Multi-Chain Support,true,ai,True
6030,330,Wallet Encryption,true,security,True
6031,330,Built-in Swap,false,general,False
6032,330,NFT Storage,true,general,True
6033,330,Real-time Price Updates,true,general,True
6034,330,Biometric Authentication,true,analytics,True
6035,330,DeFi Integration,true,integration,True
6036,330,Hardware Wallet Protection,true,general,True
6037,331,Ethereum Support,true,general,True
6038,331,Browser Extension,false,general,False
6039,331,Mobile App,false,mobile,False
6040,331,Swap Integration,false,integration,False
6041,331,Private Key Security,true,general,True
6042,331,Seed Phrase Backup,true,export,True
6043,331,NFT Management,false,general,False
6044,331,Decentralized App Access,true,mobile,True
6045,331,Multi-Chain Support,true,ai,True
6046,331,Wallet Encryption,true,security,True
6047,331,Built-in Swap,false,general,False
6048,331,NFT Storage,false,general,False
6049,331,Real-time Price Updates,false,general,False
6050,331,Biometric Authentication,false,analytics,False
6051,331,DeFi Integration,true,integration,True
6052,331,Hardware Wallet Protection,true,general,True
